sample_name,lineage,query_md5,query_filename,ksize,scaled,match_name,unweighted_fraction,f_weighted_at_rank,bp_match_at_rank,total_weighted_hashes,n_unique_kmers,p_vals,actual_confidence_with_coverage,alt_confidence_mut_rate_with_coverage,min_coverage,source_file,n_unique_weighted_found,sum_weighted_found,median_abund
ERR9904450,d__Bacteria;p__Bacillota;c__Clostridia;o__Lachnospirales;f__Lachnospiraceae;g__Mediterraneibacter;s__Mediterraneibacter faecis,ed1e44934f5c5f438c30637e1c754027,/mnt/data1/quantnm/workflow/profiler_sourmash/work/fc/425d9a9dcfac398b33e0d7dd9e7b94/ERR9904450/ERR9904450.fastq.gz,31,1000,GCA_001312505.1 [Ruminococcus] faecis JCM 15917,0.009302691641744,0.059251354292799,1182000,1795402,106380,1.0 | 1.0 | 1.0,0.984549155687679 | 0.988350932390946 | 0.964999810856807,0.0103586781349504 | 0.0134420703413848 | 0.0273872040166218,min_coverage0.1 | min_coverage0.05 | min_coverage0.01,/mnt/data2/quantnm/microgen2026/22en/out/Readbased_Analysis/Sourmash-YACHT/final_results/final_results/merged_sourmash_yacht.csv,105187,1023024,90
ERR9904450,d__Bacteria;p__Bacillota;c__Clostridia;o__Lachnospirales;f__Lachnospiraceae;g__Pilosibacter;s__Pilosibacter sp900066785,ed1e44934f5c5f438c30637e1c754027,/mnt/data1/quantnm/workflow/profiler_sourmash/work/fc/425d9a9dcfac398b33e0d7dd9e7b94/ERR9904450/ERR9904450.fastq.gz,31,1000,GCA_003478035.1 Clostridium sp. OF03-18AA,0.0036596883362191,0.000258994921471626,465000,1795402,465,1.0 | 1.0 | 1.0,0.985745908219457 | 0.982528835497552 | 0.96990342647843,0.0098117651105759 | 0.0121638959096038 | 0.0248207506973709,min_coverage0.1 | min_coverage0.05 | min_coverage0.01,/mnt/data2/quantnm/microgen2026/22en/out/Readbased_Analysis/Sourmash-YACHT/final_results/final_results/merged_sourmash_yacht.csv,1846,1068772,1
ERR9904450,d__Bacteria;p__Pseudomonadota;c__Gammaproteobacteria;o__Enterobacterales;f__Pasteurellaceae;g__Haemophilus_D;s__Haemophilus_D parainfluenzae_X,ed1e44934f5c5f438c30637e1c754027,/mnt/data1/quantnm/workflow/profiler_sourmash/work/fc/425d9a9dcfac398b33e0d7dd9e7b94/ERR9904450/ERR9904450.fastq.gz,31,1000,GCA_018378615.1 Haemophilus parainfluenzae,0.0026759011490634,0.000189372630753447,340000,1795402,340,1.0 | 1.0 | 1.0,0.988053758616597 | 0.986637498115288 | 0.979287687266565,0.026630208062309 | 0.0422628836108633 | 0.157037254031672,min_coverage0.1 | min_coverage0.05 | min_coverage0.01,/mnt/data2/quantnm/microgen2026/22en/out/Readbased_Analysis/Sourmash-YACHT/final_results/final_results/merged_sourmash_yacht.csv,552,1077657,1
ERR9904450,d__Bacteria;p__Bacillota;c__Negativicutes;o__Veillonellales;f__Veillonellaceae;g__Veillonella;s__Veillonella parvula_F,ed1e44934f5c5f438c30637e1c754027,/mnt/data1/quantnm/workflow/profiler_sourmash/work/fc/425d9a9dcfac398b33e0d7dd9e7b94/ERR9904450/ERR9904450.fastq.gz,31,1000,GCA_018382475.1 Veillonella parvula,0.0017393357468912,0.000369276629969221,221000,1795402,663,1.0 | 1.0 | 1.0,0.982278003481787 | 0.95627866979274 | 0.979287687266565,0.0278105539712001 | 0.0383929549551861 | 0.157037254031672,min_coverage0.1 | min_coverage0.05 | min_coverage0.01,/mnt/data2/quantnm/microgen2026/22en/out/Readbased_Analysis/Sourmash-YACHT/final_results/final_results/merged_sourmash_yacht.csv,1245,1124376,3
ERR9904450,d__Bacteria;p__Actinomycetota;c__Coriobacteriia;o__Coriobacteriales;f__Coriobacteriaceae;g__Collinsella;s__Collinsella sp022713905,ed1e44934f5c5f438c30637e1c754027,/mnt/data1/quantnm/workflow/profiler_sourmash/work/fc/425d9a9dcfac398b33e0d7dd9e7b94/ERR9904450/ERR9904450.fastq.gz,31,1000,GCA_022713905.1 Collinsella sp.,0.001699984259405,0.00493260005280154,216000,1795402,8856,1.0 | 1.0 | 1.0,0.984182627768551 | 0.984298786403915 | 0.98936352364885,0.0175576561247678 | 0.0253003380173045 | 0.0972068988573743,min_coverage0.1 | min_coverage0.05 | min_coverage0.01,/mnt/data2/quantnm/microgen2026/22en/out/Readbased_Analysis/Sourmash-YACHT/final_results/final_results/merged_sourmash_yacht.csv,14373,1139159,41
ERR9904450,d__Bacteria;p__Bacillota;c__Clostridia;o__Oscillospirales;f__Ruminococcaceae;g__Faecalibacterium;s__Faecalibacterium sp900539945,ed1e44934f5c5f438c30637e1c754027,/mnt/data1/quantnm/workflow/profiler_sourmash/work/fc/425d9a9dcfac398b33e0d7dd9e7b94/ERR9904450/ERR9904450.fastq.gz,31,1000,GCA_025757845.1 Oscillospiraceae bacterium,0.0047300487958444,0.000334743973773005,601000,1795402,601,1.0 | 1.0 | 1.0,0.982947646951574 | 0.980848034982304 | 0.960052789401061,0.0112691961007058 | 0.0145944421425664 | 0.0313479104590899,min_coverage0.1 | min_coverage0.05 | min_coverage0.01,/mnt/data2/quantnm/microgen2026/22en/out/Readbased_Analysis/Sourmash-YACHT/final_results/final_results/merged_sourmash_yacht.csv,1174,1049657,1
ERR9904450,d__Bacteria;p__Bacillota;c__Clostridia;o__Lachnospirales;f__Lachnospiraceae;g__Enterocloster;s__Enterocloster sp900541315,ed1e44934f5c5f438c30637e1c754027,/mnt/data1/quantnm/workflow/profiler_sourmash/work/fc/425d9a9dcfac398b33e0d7dd9e7b94/ERR9904450/ERR9904450.fastq.gz,31,1000,GCA_025758065.1 Lachnospiraceae bacterium,0.0166063277191877,0.00235044853464572,2110000,1795402,4220,1.0 | 1.0 | 1.0 | 1.0,0.989846765734045 | 0.988117232742412 | 0.983992502172871 | 0.979760576795624,0.0068537947958906 | 0.0095198678582626 | 0.0116639996202135 | 0.0240989902393351,min_coverage0.5 | min_coverage0.1 | min_coverage0.05 | min_coverage0.01,/mnt/data2/quantnm/microgen2026/22en/out/Readbased_Analysis/Sourmash-YACHT/final_results/final_results/merged_sourmash_yacht.csv,6307,93271,2
ERR9904450,d__Bacteria;p__Bacillota;c__Negativicutes;o__Veillonellales;f__Veillonellaceae;g__Veillonella;s__Veillonella sp032483415,ed1e44934f5c5f438c30637e1c754027,/mnt/data1/quantnm/workflow/profiler_sourmash/work/fc/425d9a9dcfac398b33e0d7dd9e7b94/ERR9904450/ERR9904450.fastq.gz,31,1000,GCA_032483415.1 Veillonella sp.,0.0025735872815992,0.00109279147511254,327000,1795402,1962,0.528662685865708 | 1.0 | 1.0,0.98688039362496 | 0.970463674833752 | 0.856082270955123,0.0295993281600554 | 0.0437307470979355 | 0.138046433524697,min_coverage0.1 | min_coverage0.05 | min_coverage0.01,/mnt/data2/quantnm/microgen2026/22en/out/Readbased_Analysis/Sourmash-YACHT/final_results/final_results/merged_sourmash_yacht.csv,2265,1079922,6
ERR9904450,d__Bacteria;p__Actinomycetota;c__Coriobacteriia;o__Coriobacteriales;f__Coriobacteriaceae;g__Collinsella;s__Collinsella sp900543275,ed1e44934f5c5f438c30637e1c754027,/mnt/data1/quantnm/workflow/profiler_sourmash/work/fc/425d9a9dcfac398b33e0d7dd9e7b94/ERR9904450/ERR9904450.fastq.gz,31,1000,GCA_900543275.1 uncultured Collinsella sp.,0.0009286951046749,0.00210315015801475,118000,1795402,3776,0.26712314535632 | 1.0,0.979287687266565 | 0.0,0.157037254031672 | -1.0,min_coverage0.05 | min_coverage0.01,/mnt/data2/quantnm/microgen2026/22en/out/Readbased_Analysis/Sourmash-YACHT/final_results/final_results/merged_sourmash_yacht.csv,2911,1187499,32
ERR9904450,d__Bacteria;p__Bacillota;c__Negativicutes;o__Veillonellales;f__Veillonellaceae;g__Veillonella;s__Veillonella sp900550175,ed1e44934f5c5f438c30637e1c754027,/mnt/data1/quantnm/workflow/profiler_sourmash/work/fc/425d9a9dcfac398b33e0d7dd9e7b94/ERR9904450/ERR9904450.fastq.gz,31,1000,GCA_900550175.1 uncultured Veillonella sp.,0.002117110026759,0.000149827169625521,269000,1795402,269,0.0660934219424975 | 1.0 | 1.0,0.984650633966801 | 0.982627336847727 | 0.976255864215735,0.0161155934127825 | 0.0225331859693542 | 0.0699408439578676,min_coverage0.1 | min_coverage0.05 | min_coverage0.01,/mnt/data2/quantnm/microgen2026/22en/out/Readbased_Analysis/Sourmash-YACHT/final_results/final_results/merged_sourmash_yacht.csv,479,1094119,1
ERR9904450,d__Bacteria;p__Bacillota;c__Negativicutes;o__Veillonellales;f__Veillonellaceae;g__Veillonella;s__Veillonella sp900552445,ed1e44934f5c5f438c30637e1c754027,/mnt/data1/quantnm/workflow/profiler_sourmash/work/fc/425d9a9dcfac398b33e0d7dd9e7b94/ERR9904450/ERR9904450.fastq.gz,31,1000,GCA_900552445.1 uncultured Veillonella sp.,0.0009050842121832,6.40525074607247e-05,115000,1795402,115,1.0 | 1.0 | 1.0,0.978495957312571 | 0.989377594515954 | 0.976255864215735,0.0160716030433491 | 0.0245348771737888 | 0.0699408439578676,min_coverage0.1 | min_coverage0.05 | min_coverage0.01,/mnt/data2/quantnm/microgen2026/22en/out/Readbased_Analysis/Sourmash-YACHT/final_results/final_results/merged_sourmash_yacht.csv,157,1187656,1
ERR9904450,d__Bacteria;p__Pseudomonadota;c__Gammaproteobacteria;o__Enterobacterales;f__Pasteurellaceae;g__Haemophilus_D;s__Haemophilus_D sp900756875,ed1e44934f5c5f438c30637e1c754027,/mnt/data1/quantnm/workflow/profiler_sourmash/work/fc/425d9a9dcfac398b33e0d7dd9e7b94/ERR9904450/ERR9904450.fastq.gz,31,1000,GCA_900756875.1 Pasteurellaceae bacterium,0.0055721706280497,0.000788681309255532,708000,1795402,1416,0.961176008994438 | 1.0 | 1.0,0.985175154375563 | 0.980544348804548 | 0.943824799823422,0.0213280373807444 | 0.0315591770516561 | 0.0873021117935332,min_coverage0.1 | min_coverage0.05 | min_coverage0.01,/mnt/data2/quantnm/microgen2026/22en/out/Readbased_Analysis/Sourmash-YACHT/final_results/final_results/merged_sourmash_yacht.csv,1521,1045656,2
ERR9904450,d__Bacteria;p__Bacillota;c__Clostridia;o__Lachnospirales;f__Lachnospiraceae;g__Fusicatenibacter;s__Fusicatenibacter sp900772675,ed1e44934f5c5f438c30637e1c754027,/mnt/data1/quantnm/workflow/profiler_sourmash/work/fc/425d9a9dcfac398b33e0d7dd9e7b94/ERR9904450/ERR9904450.fastq.gz,31,1000,GCA_900772675.1 Lachnospiraceae bacterium,0.0009759168896584,0.000690653123924336,124000,1795402,1240,1.0 | 1.0,0.985537803282419 | 0.970955062505073,0.015085493384132 | 0.0342842778979335,min_coverage0.05 | min_coverage0.01,/mnt/data2/quantnm/microgen2026/22en/out/Readbased_Analysis/Sourmash-YACHT/final_results/final_results/merged_sourmash_yacht.csv,1250,1181211,10
ERR9904450,d__Bacteria;p__Actinomycetota;c__Coriobacteriia;o__Coriobacteriales;f__Coriobacteriaceae;g__Collinsella;s__Collinsella sp902364505,ed1e44934f5c5f438c30637e1c754027,/mnt/data1/quantnm/workflow/profiler_sourmash/work/fc/425d9a9dcfac398b33e0d7dd9e7b94/ERR9904450/ERR9904450.fastq.gz,31,1000,GCA_902364505.1 Coriobacteriaceae bacterium,0.0012041555170785,0.00289740125052774,153000,1795402,5202,0.0295363251662483 | 1.0 | 1.0,0.970463674833752 | 0.98936352364885 | 0.0,0.0437307470979355 | 0.0972068988573743 | -1.0,min_coverage0.1 | min_coverage0.05 | min_coverage0.01,/mnt/data2/quantnm/microgen2026/22en/out/Readbased_Analysis/Sourmash-YACHT/final_results/final_results/merged_sourmash_yacht.csv,4228,1159678,34
ERR9904450,d__Bacteria;p__Actinomycetota;c__Coriobacteriia;o__Coriobacteriales;f__Coriobacteriaceae;g__Collinsella;s__Collinsella sp934876235,ed1e44934f5c5f438c30637e1c754027,/mnt/data1/quantnm/workflow/profiler_sourmash/work/fc/425d9a9dcfac398b33e0d7dd9e7b94/ERR9904450/ERR9904450.fastq.gz,31,1000,GCA_934876235.1 Collinsella sp. AF02-46-1,0.0040295923185896,0.00912553288901316,512000,1795402,16384,1.0 | 1.0,0.98936352364885 | 0.0,0.0972068988573743 | -1.0,min_coverage0.05 | min_coverage0.01,/mnt/data2/quantnm/microgen2026/22en/out/Readbased_Analysis/Sourmash-YACHT/final_results/final_results/merged_sourmash_yacht.csv,13337,1066926,32
ERR9904450,d__Bacteria;p__Actinomycetota;c__Actinomycetes;o__Actinomycetales;f__Actinomycetaceae;g__Pauljensenia;s__Pauljensenia sp958349165,ed1e44934f5c5f438c30637e1c754027,/mnt/data1/quantnm/workflow/profiler_sourmash/work/fc/425d9a9dcfac398b33e0d7dd9e7b94/ERR9904450/ERR9904450.fastq.gz,31,1000,GCA_958349165.1 uncultured Actinomyces sp.,0.0033448764363292,0.000236715788441809,425000,1795402,425,1.0 | 1.0 | 1.0,0.986680605476145 | 0.986768866113344 | 0.95627866979274,0.012716097025135 | 0.0171434641940272 | 0.0383929549551861,min_coverage0.1 | min_coverage0.05 | min_coverage0.01,/mnt/data2/quantnm/microgen2026/22en/out/Readbased_Analysis/Sourmash-YACHT/final_results/final_results/merged_sourmash_yacht.csv,549,1069889,1
ERR9904450,d__Bacteria;p__Bacillota;c__Clostridia;o__Lachnospirales;f__Lachnospiraceae;g__Blautia_A;s__Blautia_A wexlerae_C,ed1e44934f5c5f438c30637e1c754027,/mnt/data1/quantnm/workflow/profiler_sourmash/work/fc/425d9a9dcfac398b33e0d7dd9e7b94/ERR9904450/ERR9904450.fastq.gz,31,1000,GCA_958454115.1 Blautia wexlerae,0.0004564772548402,0.00025843794314588,58000,1795402,464,0.989684172882305 | 1.0 | 1.0,0.984216587951466 | 0.976649396902374 | 0.98936352364885,0.0185238812040036 | 0.0262292363139974 | 0.0972068988573743,min_coverage0.1 | min_coverage0.05 | min_coverage0.01,/mnt/data2/quantnm/microgen2026/22en/out/Readbased_Analysis/Sourmash-YACHT/final_results/final_results/merged_sourmash_yacht.csv,610,1227294,8
ERR9904450,d__Bacteria;p__Bacillota;c__Clostridia;o__Peptostreptococcales;f__Peptostreptococcaceae;g__Intestinibacter;s__Intestinibacter bartlettii,ed1e44934f5c5f438c30637e1c754027,/mnt/data1/quantnm/workflow/profiler_sourmash/work/fc/425d9a9dcfac398b33e0d7dd9e7b94/ERR9904450/ERR9904450.fastq.gz,31,1000,GCF_000154445.1 Intestinibacter bartlettii DSM 16795,0.0063985518652605,0.000452823378831036,813000,1795402,813,1.0 | 1.0 | 1.0,0.989400504108407 | 0.989388854996496 | 0.96990342647843,0.0099249768822972 | 0.0124985240358663 | 0.0248207506973709,min_coverage0.1 | min_coverage0.05 | min_coverage0.01,/mnt/data2/quantnm/microgen2026/22en/out/Readbased_Analysis/Sourmash-YACHT/final_results/final_results/merged_sourmash_yacht.csv,1083,1040162,1
ERR9904450,d__Bacteria;p__Pseudomonadota;c__Gammaproteobacteria;o__Enterobacterales;f__Enterobacteriaceae;g__Proteus;s__Proteus mirabilis,ed1e44934f5c5f438c30637e1c754027,/mnt/data1/quantnm/workflow/profiler_sourmash/work/fc/425d9a9dcfac398b33e0d7dd9e7b94/ERR9904450/ERR9904450.fastq.gz,31,1000,GCF_000160755.1 Proteus mirabilis ATCC 29906,0.0071698410199905,0.000507407254754088,911000,1795402,911,1.0 | 1.0 | 1.0,0.985527142462255 | 0.986582418041711 | 0.985175154375563,0.008825487126905 | 0.0107988405932753 | 0.0213280373807444,min_coverage0.1 | min_coverage0.05 | min_coverage0.01,/mnt/data2/quantnm/microgen2026/22en/out/Readbased_Analysis/Sourmash-YACHT/final_results/final_results/merged_sourmash_yacht.csv,1102,1039079,1
ERR9904450,d__Bacteria;p__Bacillota;c__Negativicutes;o__Veillonellales;f__Megasphaeraceae;g__Anaeroglobus;s__Anaeroglobus micronuciformis,ed1e44934f5c5f438c30637e1c754027,/mnt/data1/quantnm/workflow/profiler_sourmash/work/fc/425d9a9dcfac398b33e0d7dd9e7b94/ERR9904450/ERR9904450.fastq.gz,31,1000,GCF_000165735.1 Megasphaera micronuciformis F0359,0.0024948843066267,0.000176562129261302,317000,1795402,317,1.0 | 1.0 | 1.0,0.989511094742108 | 0.983441875453936 | 0.973519468180451,0.0108755701682849 | 0.0136138074886855 | 0.0293225892386185,min_coverage0.1 | min_coverage0.05 | min_coverage0.01,/mnt/data2/quantnm/microgen2026/22en/out/Readbased_Analysis/Sourmash-YACHT/final_results/final_results/merged_sourmash_yacht.csv,396,1080796,1
ERR9904450,d__Bacteria;p__Actinomycetota;c__Actinomycetes;o__Actinomycetales;f__Bifidobacteriaceae;g__Bifidobacterium;s__Bifidobacterium longum,ed1e44934f5c5f438c30637e1c754027,/mnt/data1/quantnm/workflow/profiler_sourmash/work/fc/425d9a9dcfac398b33e0d7dd9e7b94/ERR9904450/ERR9904450.fastq.gz,31,1000,GCF_000196555.1 Bifidobacterium longum subsp. longum JCM 1217,0.0117818353533763,0.0541967759866593,1497000,1795402,97305,1.0 | 1.0 | 1.0 | 1.0,0.989029225322603 | 0.989885933026889 | 0.984517039408597 | 0.989574806848662,0.0086242735106901 | 0.0147401500401417 | 0.0197413750137228 | 0.060966443035701,min_coverage0.5 | min_coverage0.1 | min_coverage0.05 | min_coverage0.01,/mnt/data2/quantnm/microgen2026/22en/out/Readbased_Analysis/Sourmash-YACHT/final_results/final_results/merged_sourmash_yacht.csv,97316,771002,65
ERR9904450,d__Bacteria;p__Bacillota;c__Negativicutes;o__Veillonellales;f__Megasphaeraceae;g__Anaeroglobus;s__Anaeroglobus geminatus,ed1e44934f5c5f438c30637e1c754027,/mnt/data1/quantnm/workflow/profiler_sourmash/work/fc/425d9a9dcfac398b33e0d7dd9e7b94/ERR9904450/ERR9904450.fastq.gz,31,1000,GCF_000239275.1 Anaeroglobus geminatus F0357,0.0013143396820399,9.30153803994871e-05,167000,1795402,167,0.999466392135528 | 1.0 | 1.0,0.98824552212479 | 0.987773988994966 | 0.973519468180451,0.0106722841303917 | 0.0137002254585664 | 0.0293225892386185,min_coverage0.1 | min_coverage0.05 | min_coverage0.01,/mnt/data2/quantnm/microgen2026/22en/out/Readbased_Analysis/Sourmash-YACHT/final_results/final_results/merged_sourmash_yacht.csv,185,1155067,1
ERR9904450,d__Bacteria;p__Bacillota;c__Clostridia;o__Oscillospirales;f__Oscillospiraceae;g__Flavonifractor;s__Flavonifractor plautii,ed1e44934f5c5f438c30637e1c754027,/mnt/data1/quantnm/workflow/profiler_sourmash/work/fc/425d9a9dcfac398b33e0d7dd9e7b94/ERR9904450/ERR9904450.fastq.gz,31,1000,GCF_000239295.1 Flavonifractor plautii ATCC 29863,0.0014796159294821,0.000104711925240141,188000,1795402,188,0.999198715208845 | 1.0,0.987727184759519 | 0.97436463125738,0.0117512428551599 | 0.0230081436654915,min_coverage0.05 | min_coverage0.01,/mnt/data2/quantnm/microgen2026/22en/out/Readbased_Analysis/Sourmash-YACHT/final_results/final_results/merged_sourmash_yacht.csv,238,1154413,1
ERR9904450,d__Bacteria;p__Actinomycetota;c__Actinomycetes;o__Actinomycetales;f__Bifidobacteriaceae;g__Bifidobacterium;s__Bifidobacterium infantis,ed1e44934f5c5f438c30637e1c754027,/mnt/data1/quantnm/workflow/profiler_sourmash/work/fc/425d9a9dcfac398b33e0d7dd9e7b94/ERR9904450/ERR9904450.fastq.gz,31,1000,GCF_000269965.1 Bifidobacterium longum subsp. infantis ATCC 15697 = JCM 1222 = DSM 20088,0.0008893436171887,0.00295811188803399,113000,1795402,5311,0.989799699178229 | 1.0,0.989280518513216 | 0.970955062505073,0.015611055911215 | 0.0342842778979335,min_coverage0.05 | min_coverage0.01,/mnt/data2/quantnm/microgen2026/22en/out/Readbased_Analysis/Sourmash-YACHT/final_results/final_results/merged_sourmash_yacht.csv,4636,1192612,47
ERR9904450,d__Bacteria;p__Bacillota;c__Bacilli;o__Lactobacillales;f__Enterococcaceae;g__Enterococcus_B;s__Enterococcus_B hirae,ed1e44934f5c5f438c30637e1c754027,/mnt/data1/quantnm/workflow/profiler_sourmash/work/fc/425d9a9dcfac398b33e0d7dd9e7b94/ERR9904450/ERR9904450.fastq.gz,31,1000,GCF_000271405.2 Enterococcus hirae ATCC 9790,0.0029041397764835,0.000205525002200064,369000,1795402,369,1.0 | 1.0 | 1.0,0.9853303427184 | 0.98893631379704 | 0.97436463125738,0.0093988351186082 | 0.0118523384593773 | 0.0230081436654915,min_coverage0.1 | min_coverage0.05 | min_coverage0.01,/mnt/data2/quantnm/microgen2026/22en/out/Readbased_Analysis/Sourmash-YACHT/final_results/final_results/merged_sourmash_yacht.csv,419,1076657,1
ERR9904450,d__Bacteria;p__Bacteroidota;c__Bacteroidia;o__Bacteroidales;f__Dysgonomonadaceae;g__Dysgonomonas;s__Dysgonomonas capnocytophagoides,ed1e44934f5c5f438c30637e1c754027,/mnt/data1/quantnm/workflow/profiler_sourmash/work/fc/425d9a9dcfac398b33e0d7dd9e7b94/ERR9904450/ERR9904450.fastq.gz,31,1000,GCF_000426485.1 Dysgonomonas capnocytophagoides DSM 22835,0.0158980009444357,0.00225019243601155,2020000,1795402,4040,1.0 | 1.0 | 1.0 | 1.0,0.988570320860662 | 0.988699184403198 | 0.98720036023102 | 0.989308419983649,0.0064251011201225 | 0.0084575046897119 | 0.0101227053008942 | 0.0195831316538598,min_coverage0.5 | min_coverage0.1 | min_coverage0.05 | min_coverage0.01,/mnt/data2/quantnm/microgen2026/22en/out/Readbased_Analysis/Sourmash-YACHT/final_results/final_results/merged_sourmash_yacht.csv,4135,97406,2
ERR9904450,d__Bacteria;p__Pseudomonadota;c__Gammaproteobacteria;o__Enterobacterales;f__Enterobacteriaceae;g__Klebsiella;s__Klebsiella pneumoniae,ed1e44934f5c5f438c30637e1c754027,/mnt/data1/quantnm/workflow/profiler_sourmash/work/fc/425d9a9dcfac398b33e0d7dd9e7b94/ERR9904450/ERR9904450.fastq.gz,31,1000,GCF_000742135.1 Klebsiella pneumoniae,0.0025499763891075,0.00018046097754152,324000,1795402,324,1.0 | 1.0,0.981407258483697 | 0.976649396902374,0.0123180630063418 | 0.0262292363139974,min_coverage0.05 | min_coverage0.01,/mnt/data2/quantnm/microgen2026/22en/out/Readbased_Analysis/Sourmash-YACHT/final_results/final_results/merged_sourmash_yacht.csv,478,1080400,1
ERR9904450,d__Bacteria;p__Bacillota;c__Bacilli;o__Lactobacillales;f__Streptococcaceae;g__Streptococcus;s__Streptococcus salivarius,ed1e44934f5c5f438c30637e1c754027,/mnt/data1/quantnm/workflow/profiler_sourmash/work/fc/425d9a9dcfac398b33e0d7dd9e7b94/ERR9904450/ERR9904450.fastq.gz,31,1000,GCF_000785515.1 Streptococcus salivarius,0.0049110656382811,0.00034755447526515,624000,1795402,624,1.0 | 1.0 | 1.0,0.980007743837472 | 0.988173721890293 | 0.957553806125056,0.0150149323795629 | 0.022117942073024 | 0.0550115390316561,min_coverage0.1 | min_coverage0.05 | min_coverage0.01,/mnt/data2/quantnm/microgen2026/22en/out/Readbased_Analysis/Sourmash-YACHT/final_results/final_results/merged_sourmash_yacht.csv,1246,1048483,1
ERR9904450,d__Bacteria;p__Actinomycetota;c__Actinomycetes;o__Actinomycetales;f__Bifidobacteriaceae;g__Bifidobacterium;s__Bifidobacterium bifidum,ed1e44934f5c5f438c30637e1c754027,/mnt/data1/quantnm/workflow/profiler_sourmash/work/fc/425d9a9dcfac398b33e0d7dd9e7b94/ERR9904450/ERR9904450.fastq.gz,31,1000,GCF_001025135.1 Bifidobacterium bifidum ATCC 29521 = JCM 1255 = DSM 20456,0.012671178970565,0.147961292234274,1610000,1795402,265650,1.0 | 1.0 | 1.0 | 1.0,0.989668163611345 | 0.98824552212479 | 0.987773988994966 | 0.973519468180451,0.0072765031792523 | 0.0106722841303917 | 0.0137002254585664 | 0.0293225892386185,min_coverage0.5 | min_coverage0.1 | min_coverage0.05 | min_coverage0.01,/mnt/data2/quantnm/microgen2026/22en/out/Readbased_Analysis/Sourmash-YACHT/final_results/final_results/merged_sourmash_yacht.csv,267538,546649,165
ERR9904450,d__Bacteria;p__Actinomycetota;c__Actinomycetes;o__Actinomycetales;f__Bifidobacteriaceae;g__Bifidobacterium;s__Bifidobacterium breve,ed1e44934f5c5f438c30637e1c754027,/mnt/data1/quantnm/workflow/profiler_sourmash/work/fc/425d9a9dcfac398b33e0d7dd9e7b94/ERR9904450/ERR9904450.fastq.gz,31,1000,GCF_001025175.1 Bifidobacterium breve DSM 20213 = JCM 1192,0.0135133008027703,0.00765065428243925,1717000,1795402,13736,1.0 | 1.0 | 1.0 | 1.0,0.988511668044327 | 0.989799147211176 | 0.988799962196947 | 0.980544348804548,0.0073548647738236 | 0.0110204924576053 | 0.0141820124388922 | 0.0315591770516561,min_coverage0.5 | min_coverage0.1 | min_coverage0.05 | min_coverage0.01,/mnt/data2/quantnm/microgen2026/22en/out/Readbased_Analysis/Sourmash-YACHT/final_results/final_results/merged_sourmash_yacht.csv,38542,257638,8
ERR9904450,d__Bacteria;p__Actinomycetota;c__Actinomycetes;o__Actinomycetales;f__Bifidobacteriaceae;g__Bifidobacterium;s__Bifidobacterium pseudocatenulatum,ed1e44934f5c5f438c30637e1c754027,/mnt/data1/quantnm/workflow/profiler_sourmash/work/fc/425d9a9dcfac398b33e0d7dd9e7b94/ERR9904450/ERR9904450.fastq.gz,31,1000,GCF_001025215.1 Bifidobacterium pseudocatenulatum DSM 20438 = JCM 1200 = LMG 10505,0.0125059027231229,0.0619526991726644,1589000,1795402,111230,0.999999723216211 | 1.0 | 1.0 | 1.0,0.986313271096487 | 0.986768866113344 | 0.97436463125738 | 0.976255864215735,0.009438834390602 | 0.0171434641940272 | 0.0230081436654915 | 0.0699408439578676,min_coverage0.5 | min_coverage0.1 | min_coverage0.05 | min_coverage0.01,/mnt/data2/quantnm/microgen2026/22en/out/Readbased_Analysis/Sourmash-YACHT/final_results/final_results/merged_sourmash_yacht.csv,111465,658114,70
ERR9904450,d__Bacteria;p__Actinomycetota;c__Actinomycetes;o__Actinomycetales;f__Bifidobacteriaceae;g__Bifidobacterium;s__Bifidobacterium dentium,ed1e44934f5c5f438c30637e1c754027,/mnt/data1/quantnm/workflow/profiler_sourmash/work/fc/425d9a9dcfac398b33e0d7dd9e7b94/ERR9904450/ERR9904450.fastq.gz,31,1000,GCF_001042595.1 Bifidobacterium dentium JCM 1195 = DSM 20436,0.0063906815677632,0.000452266400505291,812000,1795402,812,1.0 | 1.0 | 1.0,0.988952202203082 | 0.986680605476145 | 0.976649396902374,0.0101366835744357 | 0.012716097025135 | 0.0262292363139974,min_coverage0.1 | min_coverage0.05 | min_coverage0.01,/mnt/data2/quantnm/microgen2026/22en/out/Readbased_Analysis/Sourmash-YACHT/final_results/final_results/merged_sourmash_yacht.csv,1532,1041694,1
ERR9904450,d__Bacteria;p__Pseudomonadota;c__Gammaproteobacteria;o__Enterobacterales;f__Pasteurellaceae;g__Haemophilus_D;s__Haemophilus_D parainfluenzae_S,ed1e44934f5c5f438c30637e1c754027,/mnt/data1/quantnm/workflow/profiler_sourmash/work/fc/425d9a9dcfac398b33e0d7dd9e7b94/ERR9904450/ERR9904450.fastq.gz,31,1000,GCF_001053575.1 Haemophilus parainfluenzae,0.0005036990398237,3.56466128477076e-05,64000,1795402,64,0.0202283461582961 | 1.0,0.979771653841704 | 0.979287687266565,0.0378456019643968 | 0.157037254031672,min_coverage0.05 | min_coverage0.01,/mnt/data2/quantnm/microgen2026/22en/out/Readbased_Analysis/Sourmash-YACHT/final_results/final_results/merged_sourmash_yacht.csv,104,1224461,1
ERR9904450,d__Bacteria;p__Bacillota;c__Bacilli;o__Lactobacillales;f__Lactobacillaceae;g__Limosilactobacillus;s__Limosilactobacillus oris,ed1e44934f5c5f438c30637e1c754027,/mnt/data1/quantnm/workflow/profiler_sourmash/work/fc/425d9a9dcfac398b33e0d7dd9e7b94/ERR9904450/ERR9904450.fastq.gz,31,1000,GCF_001434465.1 Limosilactobacillus oris DSM 4864,0.0012592475995592,8.91165321192691e-05,160000,1795402,160,1.0 | 1.0,0.982088743919444 | 0.986637498115288,0.0158024711905468 | 0.0422628836108633,min_coverage0.05 | min_coverage0.01,/mnt/data2/quantnm/microgen2026/22en/out/Readbased_Analysis/Sourmash-YACHT/final_results/final_results/merged_sourmash_yacht.csv,201,1155450,1
ERR9904450,d__Bacteria;p__Bacillota;c__Bacilli;o__Lactobacillales;f__Lactobacillaceae;g__Ligilactobacillus;s__Ligilactobacillus salivarius,ed1e44934f5c5f438c30637e1c754027,/mnt/data1/quantnm/workflow/profiler_sourmash/work/fc/425d9a9dcfac398b33e0d7dd9e7b94/ERR9904450/ERR9904450.fastq.gz,31,1000,GCF_001435955.1 Ligilactobacillus salivarius DSM 20555 = ATCC 11741,0.0059578152054147,0.000421632592589292,757000,1795402,757,1.0 | 1.0 | 1.0,0.986926069533589 | 0.989743681785618 | 0.964999810856807,0.0104845093857642 | 0.0136083808388291 | 0.0273872040166218,min_coverage0.1 | min_coverage0.05 | min_coverage0.01,/mnt/data2/quantnm/microgen2026/22en/out/Readbased_Analysis/Sourmash-YACHT/final_results/final_results/merged_sourmash_yacht.csv,1351,1044135,1
ERR9904450,d__Bacteria;p__Bacillota;c__Bacilli;o__Lactobacillales;f__Enterococcaceae;g__Enterococcus_D;s__Enterococcus_D casseliflavus,ed1e44934f5c5f438c30637e1c754027,/mnt/data1/quantnm/workflow/profiler_sourmash/work/fc/425d9a9dcfac398b33e0d7dd9e7b94/ERR9904450/ERR9904450.fastq.gz,31,1000,GCF_001544095.1 Enterococcus casseliflavus NBRC 100478,0.0060365181803872,0.000427202375846746,767000,1795402,767,1.0 | 1.0 | 1.0,0.984549155687679 | 0.988350932390946 | 0.964999810856807,0.0103586781349504 | 0.0134420703413848 | 0.0273872040166218,min_coverage0.1 | min_coverage0.05 | min_coverage0.01,/mnt/data2/quantnm/microgen2026/22en/out/Readbased_Analysis/Sourmash-YACHT/final_results/final_results/merged_sourmash_yacht.csv,1090,1042784,1
ERR9904450,d__Bacteria;p__Bacillota;c__Bacilli;o__Lactobacillales;f__Enterococcaceae;g__Enterococcus_D;s__Enterococcus_D gallinarum,ed1e44934f5c5f438c30637e1c754027,/mnt/data1/quantnm/workflow/profiler_sourmash/work/fc/425d9a9dcfac398b33e0d7dd9e7b94/ERR9904450/ERR9904450.fastq.gz,31,1000,GCF_001544275.1 Enterococcus gallinarum NBRC 100675,0.0112781363135526,0.00159629988158641,1433000,1795402,2866,1.0 | 1.0 | 1.0,0.98711731480272 | 0.984676813011035 | 0.97319835773248,0.0090091962202717 | 0.0109389694195523 | 0.0208372948414513,min_coverage0.1 | min_coverage0.05 | min_coverage0.01,/mnt/data2/quantnm/microgen2026/22en/out/Readbased_Analysis/Sourmash-YACHT/final_results/final_results/merged_sourmash_yacht.csv,3132,774134,2
ERR9904450,d__Bacteria;p__Bacillota;c__Bacilli;o__Lactobacillales;f__Streptococcaceae;g__Streptococcus;s__Streptococcus salivarius_D,ed1e44934f5c5f438c30637e1c754027,/mnt/data1/quantnm/workflow/profiler_sourmash/work/fc/425d9a9dcfac398b33e0d7dd9e7b94/ERR9904450/ERR9904450.fastq.gz,31,1000,GCF_002094975.1 Streptococcus salivarius,0.0009759168896584,6.90653123924336e-05,124000,1795402,124,1.0 | 1.0,0.986950930334724 | 0.981510124863362,0.0190386072288999 | 0.0508691829201829,min_coverage0.05 | min_coverage0.01,/mnt/data2/quantnm/microgen2026/22en/out/Readbased_Analysis/Sourmash-YACHT/final_results/final_results/merged_sourmash_yacht.csv,182,1179961,1
ERR9904450,d__Bacteria;p__Bacillota;c__Negativicutes;o__Veillonellales;f__Veillonellaceae;g__Veillonella;s__Veillonella atypica,ed1e44934f5c5f438c30637e1c754027,/mnt/data1/quantnm/workflow/profiler_sourmash/work/fc/425d9a9dcfac398b33e0d7dd9e7b94/ERR9904450/ERR9904450.fastq.gz,31,1000,GCF_002959915.1 Veillonella atypica KON,0.0013851723595151,9.8028185331196e-05,176000,1795402,176,0.363433437971374 | 1.0,0.981645501205082 | 0.957553806125056,0.0205933156874636 | 0.0550115390316561,min_coverage0.05 | min_coverage0.01,/mnt/data2/quantnm/microgen2026/22en/out/Readbased_Analysis/Sourmash-YACHT/final_results/final_results/merged_sourmash_yacht.csv,246,1154882,1
ERR9904450,d__Bacteria;p__Pseudomonadota;c__Gammaproteobacteria;o__Enterobacterales;f__Enterobacteriaceae;g__Escherichia;s__Escherichia sp002965065,ed1e44934f5c5f438c30637e1c754027,/mnt/data1/quantnm/workflow/profiler_sourmash/work/fc/425d9a9dcfac398b33e0d7dd9e7b94/ERR9904450/ERR9904450.fastq.gz,31,1000,GCF_002965065.1 Escherichia sp. MOD1-EC7003,0.002054147646781,0.00130834208717602,261000,1795402,2349,1.0 | 1.0,0.982931659472504 | 0.984298786403915,0.0117815903469698 | 0.0253003380173045,min_coverage0.05 | min_coverage0.01,/mnt/data2/quantnm/microgen2026/22en/out/Readbased_Analysis/Sourmash-YACHT/final_results/final_results/merged_sourmash_yacht.csv,3495,1097614,9
ERR9904450,d__Bacteria;p__Bacillota;c__Clostridia;o__Oscillospirales;f__Butyricicoccaceae;g__Agathobaculum;s__Agathobaculum butyriciproducens,ed1e44934f5c5f438c30637e1c754027,/mnt/data1/quantnm/workflow/profiler_sourmash/work/fc/425d9a9dcfac398b33e0d7dd9e7b94/ERR9904450/ERR9904450.fastq.gz,31,1000,GCF_003096535.1 Agathobaculum butyriciproducens,0.0099559263340154,0.00422746549240783,1265000,1795402,7590,0.0180976967760498 | 1.0 | 1.0 | 1.0,0.988155897292912 | 0.988029867397454 | 0.985075592917424 | 0.976649396902374,0.0070369633167339 | 0.0100833471795143 | 0.0125805723380732 | 0.0262292363139974,min_coverage0.5 | min_coverage0.1 | min_coverage0.05 | min_coverage0.01,/mnt/data2/quantnm/microgen2026/22en/out/Readbased_Analysis/Sourmash-YACHT/final_results/final_results/merged_sourmash_yacht.csv,8122,878810,6
ERR9904450,d__Bacteria;p__Bacillota;c__Bacilli;o__Lactobacillales;f__Lactobacillaceae;g__Lactobacillus;s__Lactobacillus paragasseri,ed1e44934f5c5f438c30637e1c754027,/mnt/data1/quantnm/workflow/profiler_sourmash/work/fc/425d9a9dcfac398b33e0d7dd9e7b94/ERR9904450/ERR9904450.fastq.gz,31,1000,GCF_003584685.1 Lactobacillus paragasseri,0.001637021879427,0.00011585149175505,208000,1795402,208,1.0 | 1.0 | 1.0,0.985923897643608 | 0.983319917702357 | 0.970955062505073,0.011451309747074 | 0.0148358716353605 | 0.0342842778979335,min_coverage0.1 | min_coverage0.05 | min_coverage0.01,/mnt/data2/quantnm/microgen2026/22en/out/Readbased_Analysis/Sourmash-YACHT/final_results/final_results/merged_sourmash_yacht.csv,224,1142788,1
ERR9904450,d__Bacteria;p__Pseudomonadota;c__Gammaproteobacteria;o__Enterobacterales;f__Enterobacteriaceae;g__Escherichia;s__Escherichia coli,ed1e44934f5c5f438c30637e1c754027,/mnt/data1/quantnm/workflow/profiler_sourmash/work/fc/425d9a9dcfac398b33e0d7dd9e7b94/ERR9904450/ERR9904450.fastq.gz,31,1000,GCF_003697165.2 Escherichia coli DSM 30083 = JCM 1649 = ATCC 11775,0.0282779789076027,0.0320195699904534,3593000,1795402,57488,1.0 | 1.0 | 1.0 | 1.0,0.989215313015876 | 0.988767833982336 | 0.986810867807425 | 0.964999810856807,0.0071981169692552 | 0.010494487913788 | 0.0132798050450518 | 0.0273872040166218,min_coverage0.5 | min_coverage0.1 | min_coverage0.05 | min_coverage0.01,/mnt/data2/quantnm/microgen2026/22en/out/Readbased_Analysis/Sourmash-YACHT/final_results/final_results/merged_sourmash_yacht.csv,51040,51040,16
ERR9904450,d__Bacteria;p__Pseudomonadota;c__Gammaproteobacteria;o__Enterobacterales;f__Enterobacteriaceae;g__Citrobacter;s__Citrobacter youngae,ed1e44934f5c5f438c30637e1c754027,/mnt/data1/quantnm/workflow/profiler_sourmash/work/fc/425d9a9dcfac398b33e0d7dd9e7b94/ERR9904450/ERR9904450.fastq.gz,31,1000,GCF_003818115.1 Citrobacter youngae,0.0021722021092397,0.000153726017905739,276000,1795402,276,0.144967068012067 | 1.0,0.985413175573079 | 0.980544348804548,0.0137980425893229 | 0.0315591770516561,min_coverage0.05 | min_coverage0.01,/mnt/data2/quantnm/microgen2026/22en/out/Readbased_Analysis/Sourmash-YACHT/final_results/final_results/merged_sourmash_yacht.csv,396,1093330,1
ERR9904450,d__Bacteria;p__Pseudomonadota;c__Gammaproteobacteria;o__Enterobacterales;f__Enterobacteriaceae;g__Escherichia;s__Escherichia sp004211955,ed1e44934f5c5f438c30637e1c754027,/mnt/data1/quantnm/workflow/profiler_sourmash/work/fc/425d9a9dcfac398b33e0d7dd9e7b94/ERR9904450/ERR9904450.fastq.gz,31,1000,GCF_004211955.1 Escherichia sp. E1V33,0.0031638595938926,0.00403029516509395,402000,1795402,7236,1.0 | 1.0,0.983320816816276 | 0.976649396902374,0.012447924743069 | 0.0262292363139974,min_coverage0.05 | min_coverage0.01,/mnt/data2/quantnm/microgen2026/22en/out/Readbased_Analysis/Sourmash-YACHT/final_results/final_results/merged_sourmash_yacht.csv,6349,1076238,18
ERR9904450,d__Bacteria;p__Bacillota;c__Bacilli;o__Lactobacillales;f__Streptococcaceae;g__Streptococcus;s__Streptococcus pasteurianus,ed1e44934f5c5f438c30637e1c754027,/mnt/data1/quantnm/workflow/profiler_sourmash/work/fc/425d9a9dcfac398b33e0d7dd9e7b94/ERR9904450/ERR9904450.fastq.gz,31,1000,GCF_004843545.1 Streptococcus pasteurianus,0.0138753344876436,0.0392781115315679,1763000,1795402,70520,1.0 | 1.0 | 1.0 | 1.0,0.9894891662613 | 0.985113173743159 | 0.986762667618766 | 0.970463674833752,0.0082230832981349 | 0.013121438108646 | 0.017991429707098 | 0.0437307470979355,min_coverage0.5 | min_coverage0.1 | min_coverage0.05 | min_coverage0.01,/mnt/data2/quantnm/microgen2026/22en/out/Readbased_Analysis/Sourmash-YACHT/final_results/final_results/merged_sourmash_yacht.csv,80191,219096,40
ERR9904450,d__Bacteria;p__Actinomycetota;c__Actinomycetes;o__Actinomycetales;f__Actinomycetaceae;g__Pauljensenia;s__Pauljensenia odontolytica_C,ed1e44934f5c5f438c30637e1c754027,/mnt/data1/quantnm/workflow/profiler_sourmash/work/fc/425d9a9dcfac398b33e0d7dd9e7b94/ERR9904450/ERR9904450.fastq.gz,31,1000,GCF_005696695.1 Schaalia odontolytica,0.0021722021092397,0.000153726017905739,276000,1795402,276,0.999637073856109 | 1.0 | 1.0,0.980232146934423 | 0.977322458021279 | 0.981510124863362,0.0137078649963462 | 0.0185980332357689 | 0.0508691829201829,min_coverage0.1 | min_coverage0.05 | min_coverage0.01,/mnt/data2/quantnm/microgen2026/22en/out/Readbased_Analysis/Sourmash-YACHT/final_results/final_results/merged_sourmash_yacht.csv,310,1093640,1
ERR9904450,d__Bacteria;p__Bacillota;c__Bacilli;o__Lactobacillales;f__Streptococcaceae;g__Streptococcus;s__Streptococcus xiaochunlingii,ed1e44934f5c5f438c30637e1c754027,/mnt/data1/quantnm/workflow/profiler_sourmash/work/fc/425d9a9dcfac398b33e0d7dd9e7b94/ERR9904450/ERR9904450.fastq.gz,31,1000,GCF_006385805.1 Streptococcus xiaochunlingii,0.0012671178970565,8.96735104450145e-05,161000,1795402,161,0.0233506030976261 | 1.0,0.976649396902374 | 0.98936352364885,0.0262292363139974 | 0.0972068988573743,min_coverage0.05 | min_coverage0.01,/mnt/data2/quantnm/microgen2026/22en/out/Readbased_Analysis/Sourmash-YACHT/final_results/final_results/merged_sourmash_yacht.csv,182,1155249,1
ERR9904450,d__Bacteria;p__Bacillota;c__Bacilli;o__Lactobacillales;f__Streptococcaceae;g__Streptococcus;s__Streptococcus sp001556435,ed1e44934f5c5f438c30637e1c754027,/mnt/data1/quantnm/workflow/profiler_sourmash/work/fc/425d9a9dcfac398b33e0d7dd9e7b94/ERR9904450/ERR9904450.fastq.gz,31,1000,GCF_009738225.1 Streptococcus salivarius,0.000708326774752,5.01280493170889e-05,90000,1795402,90,1.0 | 1.0,0.986950930334724 | 0.981510124863362,0.0190386072288999 | 0.0508691829201829,min_coverage0.05 | min_coverage0.01,/mnt/data2/quantnm/microgen2026/22en/out/Readbased_Analysis/Sourmash-YACHT/final_results/final_results/merged_sourmash_yacht.csv,180,1207031,1
ERR9904450,d__Bacteria;p__Bacillota;c__Bacilli;o__Lactobacillales;f__Streptococcaceae;g__Streptococcus;s__Streptococcus thermophilus,ed1e44934f5c5f438c30637e1c754027,/mnt/data1/quantnm/workflow/profiler_sourmash/work/fc/425d9a9dcfac398b33e0d7dd9e7b94/ERR9904450/ERR9904450.fastq.gz,31,1000,GCF_010120595.1 Streptococcus thermophilus,0.0104202738863529,0.00368719651643476,1324000,1795402,6620,1.0 | 1.0 | 1.0 | 1.0,0.98826088810364 | 0.983320816816276 | 0.984345116322945 | 0.95627866979274,0.0079711710216728 | 0.012447924743069 | 0.0167704824358797 | 0.0383929549551861,min_coverage0.5 | min_coverage0.1 | min_coverage0.05 | min_coverage0.01,/mnt/data2/quantnm/microgen2026/22en/out/Readbased_Analysis/Sourmash-YACHT/final_results/final_results/merged_sourmash_yacht.csv,6624,870688,5
ERR9904450,d__Bacteria;p__Bacillota;c__Clostridia;o__Lachnospirales;f__Lachnospiraceae;g__Blautia_A;s__Blautia_A wexlerae_B,ed1e44934f5c5f438c30637e1c754027,/mnt/data1/quantnm/workflow/profiler_sourmash/work/fc/425d9a9dcfac398b33e0d7dd9e7b94/ERR9904450/ERR9904450.fastq.gz,31,1000,GCF_013300825.1 Blautia wexlerae,0.001637021879427,0.000926811934040399,208000,1795402,1664,1.0 | 1.0,0.989561531927964 | 0.960052789401061,0.0151461421765293 | 0.0313479104590899,min_coverage0.05 | min_coverage0.01,/mnt/data2/quantnm/microgen2026/22en/out/Readbased_Analysis/Sourmash-YACHT/final_results/final_results/merged_sourmash_yacht.csv,2994,1142564,8
ERR9904450,d__Bacteria;p__Bacillota;c__Bacilli;o__Erysipelotrichales;f__Coprobacillaceae;g__Thomasclavelia;s__Thomasclavelia ramosa,ed1e44934f5c5f438c30637e1c754027,/mnt/data1/quantnm/workflow/profiler_sourmash/work/fc/425d9a9dcfac398b33e0d7dd9e7b94/ERR9904450/ERR9904450.fastq.gz,31,1000,GCF_014131695.1 Thomasclavelia ramosa DSM 1402,0.0197937982055721,0.00280160097849952,2515000,1795402,5030,1.0 | 1.0 | 1.0 | 1.0,0.988832427870791 | 0.987911036892432 | 0.986389749364056 | 0.97827694248526,0.0066952445665361 | 0.0091335961394495 | 0.0111796209214287 | 0.0216516295418746,min_coverage0.5 | min_coverage0.1 | min_coverage0.05 | min_coverage0.01,/mnt/data2/quantnm/microgen2026/22en/out/Readbased_Analysis/Sourmash-YACHT/final_results/final_results/merged_sourmash_yacht.csv,6970,58010,2
ERR9904450,d__Bacteria;p__Bacillota;c__Bacilli;o__Lactobacillales;f__Streptococcaceae;g__Streptococcus;s__Streptococcus hominis,ed1e44934f5c5f438c30637e1c754027,/mnt/data1/quantnm/workflow/profiler_sourmash/work/fc/425d9a9dcfac398b33e0d7dd9e7b94/ERR9904450/ERR9904450.fastq.gz,31,1000,GCF_014287335.1 Streptococcus hominis,0.0010152683771446,7.18502040211607e-05,129000,1795402,129,0.426064551995826 | 1.0,0.984216587951466 | 0.981510124863362,0.0185238812040036 | 0.0508691829201829,min_coverage0.05 | min_coverage0.01,/mnt/data2/quantnm/microgen2026/22en/out/Readbased_Analysis/Sourmash-YACHT/final_results/final_results/merged_sourmash_yacht.csv,141,1179779,1
ERR9904450,d__Bacteria;p__Bacillota;c__Negativicutes;o__Veillonellales;f__Veillonellaceae;g__Veillonella;s__Veillonella parvula_A,ed1e44934f5c5f438c30637e1c754027,/mnt/data1/quantnm/workflow/profiler_sourmash/work/fc/425d9a9dcfac398b33e0d7dd9e7b94/ERR9904450/ERR9904450.fastq.gz,31,1000,GCF_018783925.1 Veillonella parvula,0.0122147017157248,0.00950873397712601,1552000,1795402,17072,1.0 | 1.0 | 1.0,0.970955062505073 | 0.957553806125056 | 0.856082270955123,0.0342842778979335 | 0.0550115390316561 | 0.138046433524697,min_coverage0.1 | min_coverage0.05 | min_coverage0.01,/mnt/data2/quantnm/microgen2026/22en/out/Readbased_Analysis/Sourmash-YACHT/final_results/final_results/merged_sourmash_yacht.csv,15572,673686,11
ERR9904450,d__Bacteria;p__Bacillota;c__Bacilli;o__Lactobacillales;f__Enterococcaceae;g__Enterococcus_D;s__Enterococcus_D innesii,ed1e44934f5c5f438c30637e1c754027,/mnt/data1/quantnm/workflow/profiler_sourmash/work/fc/425d9a9dcfac398b33e0d7dd9e7b94/ERR9904450/ERR9904450.fastq.gz,31,1000,GCF_018982785.1 Enterococcus innesii,0.0028333070990083,0.000200512197268356,360000,1795402,360,1.0 | 1.0 | 1.0,0.988365318197647 | 0.9859115392097 | 0.982278003481787,0.0102771324479734 | 0.0129094724390939 | 0.0278105539712001,min_coverage0.1 | min_coverage0.05 | min_coverage0.01,/mnt/data2/quantnm/microgen2026/22en/out/Readbased_Analysis/Sourmash-YACHT/final_results/final_results/merged_sourmash_yacht.csv,448,1077105,1
ERR9904450,d__Bacteria;p__Pseudomonadota;c__Gammaproteobacteria;o__Enterobacterales;f__Enterobacteriaceae;g__Morganella;s__Morganella morganii,ed1e44934f5c5f438c30637e1c754027,/mnt/data1/quantnm/workflow/profiler_sourmash/work/fc/425d9a9dcfac398b33e0d7dd9e7b94/ERR9904450/ERR9904450.fastq.gz,31,1000,GCF_019243775.1 Morganella morganii,0.0145128285849205,0.00102706803267458,1844000,1795402,1844,1.0 | 1.0 | 1.0,0.98433403631744 | 0.98324736631015 | 0.98688039362496,0.0102506034634624 | 0.0129668297604615 | 0.0295993281600554,min_coverage0.1 | min_coverage0.05 | min_coverage0.01,/mnt/data2/quantnm/microgen2026/22en/out/Readbased_Analysis/Sourmash-YACHT/final_results/final_results/merged_sourmash_yacht.csv,3051,138905,1
ERR9904450,d__Bacteria;p__Pseudomonadota;c__Gammaproteobacteria;o__Enterobacterales;f__Enterobacteriaceae;g__Klebsiella;s__Klebsiella quasipneumoniae,ed1e44934f5c5f438c30637e1c754027,/mnt/data1/quantnm/workflow/profiler_sourmash/work/fc/425d9a9dcfac398b33e0d7dd9e7b94/ERR9904450/ERR9904450.fastq.gz,31,1000,GCF_020525925.1 Klebsiella quasipneumoniae subsp. quasipneumoniae,0.0049661577207618,0.000351453323545368,631000,1795402,631,1.0 | 1.0,0.986389749364056 | 0.97827694248526,0.0111796209214287 | 0.0216516295418746,min_coverage0.05 | min_coverage0.01,/mnt/data2/quantnm/microgen2026/22en/out/Readbased_Analysis/Sourmash-YACHT/final_results/final_results/merged_sourmash_yacht.csv,825,1046481,1
ERR9904450,d__Bacteria;p__Bacillota;c__Bacilli;o__Lactobacillales;f__Streptococcaceae;g__Streptococcus;s__Streptococcus salivarius_E,ed1e44934f5c5f438c30637e1c754027,/mnt/data1/quantnm/workflow/profiler_sourmash/work/fc/425d9a9dcfac398b33e0d7dd9e7b94/ERR9904450/ERR9904450.fastq.gz,31,1000,GCF_023109335.1 Streptococcus salivarius,0.0017078545569022,0.000120864296686759,217000,1795402,217,1.0 | 1.0 | 1.0,0.989059936158413 | 0.97827694248526 | 0.957553806125056,0.0161494060178152 | 0.0216516295418746 | 0.0550115390316561,min_coverage0.1 | min_coverage0.05 | min_coverage0.01,/mnt/data2/quantnm/microgen2026/22en/out/Readbased_Analysis/Sourmash-YACHT/final_results/final_results/merged_sourmash_yacht.csv,410,1124786,1
ERR9904450,d__Bacteria;p__Bacillota;c__Negativicutes;o__Veillonellales;f__Veillonellaceae;g__Veillonella;s__Veillonella parvula_I,ed1e44934f5c5f438c30637e1c754027,/mnt/data1/quantnm/workflow/profiler_sourmash/work/fc/425d9a9dcfac398b33e0d7dd9e7b94/ERR9904450/ERR9904450.fastq.gz,31,1000,GCF_024461875.1 Veillonella parvula,0.0005666614198016,0.000120307318361013,72000,1795402,216,1.0 | 1.0,0.960052789401061 | 0.979287687266565,0.0313479104590899 | 0.157037254031672,min_coverage0.05 | min_coverage0.01,/mnt/data2/quantnm/microgen2026/22en/out/Readbased_Analysis/Sourmash-YACHT/final_results/final_results/merged_sourmash_yacht.csv,380,1216835,3
ERR9904450,d__Bacteria;p__Bacillota;c__Clostridia;o__Lachnospirales;f__Lachnospiraceae;g__Blautia_A;s__Blautia_A wexlerae,ed1e44934f5c5f438c30637e1c754027,/mnt/data1/quantnm/workflow/profiler_sourmash/work/fc/425d9a9dcfac398b33e0d7dd9e7b94/ERR9904450/ERR9904450.fastq.gz,31,1000,GCF_025148125.1 Blautia wexlerae DSM 19850,0.0156304108295293,0.00884927163944342,1986000,1795402,15888,1.0 | 1.0 | 1.0,0.985472401507217 | 0.987912719054546 | 0.960052789401061,0.0112668760134041 | 0.0149052746106477 | 0.0313479104590899,min_coverage0.1 | min_coverage0.05 | min_coverage0.01,/mnt/data2/quantnm/microgen2026/22en/out/Readbased_Analysis/Sourmash-YACHT/final_results/final_results/merged_sourmash_yacht.csv,19546,116952,8
ERR9904450,d__Bacteria;p__Bacillota;c__Clostridia;o__Lachnospirales;f__Lachnospiraceae;g__Dorea;s__Dorea formicigenerans,ed1e44934f5c5f438c30637e1c754027,/mnt/data1/quantnm/workflow/profiler_sourmash/work/fc/425d9a9dcfac398b33e0d7dd9e7b94/ERR9904450/ERR9904450.fastq.gz,31,1000,GCF_025150245.1 Dorea formicigenerans,0.0128128443255155,0.00453380357156782,1628000,1795402,8140,1.0 | 1.0 | 1.0 | 1.0,0.98961941434062 | 0.984644615303955 | 0.982528835497552 | 0.96990342647843,0.0069875200452522 | 0.0097636818807322 | 0.0121638959096038 | 0.0248207506973709,min_coverage0.5 | min_coverage0.1 | min_coverage0.05 | min_coverage0.01,/mnt/data2/quantnm/microgen2026/22en/out/Readbased_Analysis/Sourmash-YACHT/final_results/final_results/merged_sourmash_yacht.csv,21473,279111,5
ERR9904450,d__Bacteria;p__Bacillota;c__Clostridia;o__Lachnospirales;f__Lachnospiraceae;g__Fusicatenibacter;s__Fusicatenibacter saccharivorans,ed1e44934f5c5f438c30637e1c754027,/mnt/data1/quantnm/workflow/profiler_sourmash/work/fc/425d9a9dcfac398b33e0d7dd9e7b94/ERR9904450/ERR9904450.fastq.gz,31,1000,GCF_027667425.1 Fusicatenibacter saccharivorans,0.0176058555013379,0.0112136446322328,2237000,1795402,20133,1.0 | 1.0 | 1.0 | 1.0,0.98909495627392 | 0.988438890375133 | 0.985231338168245 | 0.988053758616597,0.0069420878797292 | 0.0097984382660473 | 0.0121372521900371 | 0.026630208062309,min_coverage0.5 | min_coverage0.1 | min_coverage0.05 | min_coverage0.01,/mnt/data2/quantnm/microgen2026/22en/out/Readbased_Analysis/Sourmash-YACHT/final_results/final_results/merged_sourmash_yacht.csv,28954,86964,9
ERR9904450,d__Bacteria;p__Bacillota;c__Bacilli;o__Lactobacillales;f__Enterococcaceae;g__Enterococcus_B;s__Enterococcus_B faecium,ed1e44934f5c5f438c30637e1c754027,/mnt/data1/quantnm/workflow/profiler_sourmash/work/fc/425d9a9dcfac398b33e0d7dd9e7b94/ERR9904450/ERR9904450.fastq.gz,31,1000,GCF_029023785.1 Enterococcus faecium,0.0049425468282701,0.000349782388568131,628000,1795402,628,1.0 | 1.0 | 1.0,0.98824552212479 | 0.987773988994966 | 0.973519468180451,0.0106722841303917 | 0.0137002254585664 | 0.0293225892386185,min_coverage0.1 | min_coverage0.05 | min_coverage0.01,/mnt/data2/quantnm/microgen2026/22en/out/Readbased_Analysis/Sourmash-YACHT/final_results/final_results/merged_sourmash_yacht.csv,756,1047237,1
ERR9904450,d__Bacteria;p__Bacillota;c__Bacilli;o__Lactobacillales;f__Enterococcaceae;g__Enterococcus;s__Enterococcus faecalis,ed1e44934f5c5f438c30637e1c754027,/mnt/data1/quantnm/workflow/profiler_sourmash/work/fc/425d9a9dcfac398b33e0d7dd9e7b94/ERR9904450/ERR9904450.fastq.gz,31,1000,GCF_029024925.1 Enterococcus faecalis,0.0147410672123406,0.00938898363709075,1873000,1795402,16857,1.0 | 1.0 | 1.0 | 1.0,0.989440196763821 | 0.985481610994782 | 0.98611104953235 | 0.984298786403915,0.0069090699428356 | 0.0095909893694265 | 0.0119991652870595 | 0.0253003380173045,min_coverage0.5 | min_coverage0.1 | min_coverage0.05 | min_coverage0.01,/mnt/data2/quantnm/microgen2026/22en/out/Readbased_Analysis/Sourmash-YACHT/final_results/final_results/merged_sourmash_yacht.csv,18902,135854,9
ERR9904450,d__Bacteria;p__Actinomycetota;c__Actinomycetes;o__Actinomycetales;f__Actinomycetaceae;g__Pauljensenia;s__Pauljensenia sp000466265,ed1e44934f5c5f438c30637e1c754027,/mnt/data1/quantnm/workflow/profiler_sourmash/work/fc/425d9a9dcfac398b33e0d7dd9e7b94/ERR9904450/ERR9904450.fastq.gz,31,1000,GCF_030644365.1 Schaalia sp. HMT-172,0.0007476782622383,5.2912940945816e-05,95000,1795402,95,0.80724715263535 | 1.0,0.980848034982304 | 0.960052789401061,0.0145944421425664 | 0.0313479104590899,min_coverage0.05 | min_coverage0.01,/mnt/data2/quantnm/microgen2026/22en/out/Readbased_Analysis/Sourmash-YACHT/final_results/final_results/merged_sourmash_yacht.csv,123,1206527,1
ERR9904450,d__Bacteria;p__Pseudomonadota;c__Gammaproteobacteria;o__Enterobacterales;f__Pasteurellaceae;g__Haemophilus_D;s__Haemophilus_D parainfluenzae,ed1e44934f5c5f438c30637e1c754027,/mnt/data1/quantnm/workflow/profiler_sourmash/work/fc/425d9a9dcfac398b33e0d7dd9e7b94/ERR9904450/ERR9904450.fastq.gz,31,1000,GCF_031191205.1 Haemophilus parainfluenzae ATCC 33392,0.0008893436171887,6.29385508092338e-05,113000,1795402,113,0.202958929152244 | 1.0,0.986637498115288 | 0.979287687266565,0.0422628836108633 | 0.157037254031672,min_coverage0.05 | min_coverage0.01,/mnt/data2/quantnm/microgen2026/22en/out/Readbased_Analysis/Sourmash-YACHT/final_results/final_results/merged_sourmash_yacht.csv,163,1192775,1
ERR9904450,d__Bacteria;p__Bacillota;c__Negativicutes;o__Veillonellales;f__Veillonellaceae;g__Veillonella;s__Veillonella parvula_J,ed1e44934f5c5f438c30637e1c754027,/mnt/data1/quantnm/workflow/profiler_sourmash/work/fc/425d9a9dcfac398b33e0d7dd9e7b94/ERR9904450/ERR9904450.fastq.gz,31,1000,GCF_032575955.1 Veillonella parvula,0.0004564772548402,0.000145371343019558,58000,1795402,261,0.711514476337434 | 1.0,0.981510124863362 | 0.856082270955123,0.0508691829201829 | 0.138046433524697,min_coverage0.05 | min_coverage0.01,/mnt/data2/quantnm/microgen2026/22en/out/Readbased_Analysis/Sourmash-YACHT/final_results/final_results/merged_sourmash_yacht.csv,355,1227649,4.5
ERR9904450,d__Bacteria;p__Bacillota;c__Bacilli;o__Lactobacillales;f__Streptococcaceae;g__Streptococcus;s__Streptococcus sp034134805,ed1e44934f5c5f438c30637e1c754027,/mnt/data1/quantnm/workflow/profiler_sourmash/work/fc/425d9a9dcfac398b33e0d7dd9e7b94/ERR9904450/ERR9904450.fastq.gz,31,1000,GCF_034134805.1 Streptococcus sp. S5,0.0006453643947741,4.56722227111254e-05,82000,1795402,82,0.0952451859862542 | 1.0,0.981510124863362 | 0.856082270955123,0.0508691829201829 | 0.138046433524697,min_coverage0.05 | min_coverage0.01,/mnt/data2/quantnm/microgen2026/22en/out/Readbased_Analysis/Sourmash-YACHT/final_results/final_results/merged_sourmash_yacht.csv,92,1211888,1
ERR9904450,d__Bacteria;p__Bacillota;c__Negativicutes;o__Veillonellales;f__Veillonellaceae;g__Veillonella;s__Veillonella parvula_E,ed1e44934f5c5f438c30637e1c754027,/mnt/data1/quantnm/workflow/profiler_sourmash/work/fc/425d9a9dcfac398b33e0d7dd9e7b94/ERR9904450/ERR9904450.fastq.gz,31,1000,GCF_036456085.1 Veillonella parvula,0.0045490319534078,0.0016096673614043,578000,1795402,2890,1.0 | 1.0 | 1.0,0.979760576795624 | 0.979771653841704 | 0.979287687266565,0.0240989902393351 | 0.0378456019643968 | 0.157037254031672,min_coverage0.1 | min_coverage0.05 | min_coverage0.01,/mnt/data2/quantnm/microgen2026/22en/out/Readbased_Analysis/Sourmash-YACHT/final_results/final_results/merged_sourmash_yacht.csv,3932,1053589,5
ERR9904450,d__Bacteria;p__Pseudomonadota;c__Gammaproteobacteria;o__Enterobacterales;f__Enterobacteriaceae;g__Escherichia;s__Escherichia coli_F,ed1e44934f5c5f438c30637e1c754027,/mnt/data1/quantnm/workflow/profiler_sourmash/work/fc/425d9a9dcfac398b33e0d7dd9e7b94/ERR9904450/ERR9904450.fastq.gz,31,1000,GCF_036503815.1 Escherichia coli,0.007634188572328,0.00810403463959604,970000,1795402,14550,1.0 | 1.0 | 1.0,0.986926069533589 | 0.989743681785618 | 0.964999810856807,0.0104845093857642 | 0.0136083808388291 | 0.0273872040166218,min_coverage0.1 | min_coverage0.05 | min_coverage0.01,/mnt/data2/quantnm/microgen2026/22en/out/Readbased_Analysis/Sourmash-YACHT/final_results/final_results/merged_sourmash_yacht.csv,13256,1037977,15
ERR9904450,d__Bacteria;p__Actinomycetota;c__Coriobacteriia;o__Coriobacteriales;f__Coriobacteriaceae;g__Collinsella;s__Collinsella sp902388545,ed1e44934f5c5f438c30637e1c754027,/mnt/data1/quantnm/workflow/profiler_sourmash/work/fc/425d9a9dcfac398b33e0d7dd9e7b94/ERR9904450/ERR9904450.fastq.gz,31,1000,GCF_039753035.1 Collinsella aerofaciens,0.0095702817566504,0.0250595688319385,1216000,1795402,44992,0.606365623590575 | 1.0 | 1.0,0.957553806125056 | 0.943824799823422 | 0.0,0.0550115390316561 | 0.0873021117935332 | -1.0,min_coverage0.1 | min_coverage0.05 | min_coverage0.01,/mnt/data2/quantnm/microgen2026/22en/out/Readbased_Analysis/Sourmash-YACHT/final_results/final_results/merged_sourmash_yacht.csv,39027,917837,37
ERR9904450,d__Bacteria;p__Bacillota;c__Negativicutes;o__Veillonellales;f__Veillonellaceae;g__Veillonella;s__Veillonella parvula_L,ed1e44934f5c5f438c30637e1c754027,/mnt/data1/quantnm/workflow/profiler_sourmash/work/fc/425d9a9dcfac398b33e0d7dd9e7b94/ERR9904450/ERR9904450.fastq.gz,31,1000,GCF_040094895.1 Veillonella parvula,0.000834251534708,0.000236158810116063,106000,1795402,424,1.0 | 1.0 | 1.0,0.960052789401061 | 0.989574806848662 | 0.856082270955123,0.0313479104590899 | 0.060966443035701 | 0.138046433524697,min_coverage0.1 | min_coverage0.05 | min_coverage0.01,/mnt/data2/quantnm/microgen2026/22en/out/Readbased_Analysis/Sourmash-YACHT/final_results/final_results/merged_sourmash_yacht.csv,662,1194599,4
ERR9904450,d__Bacteria;p__Actinomycetota;c__Actinomycetes;o__Actinomycetales;f__Bifidobacteriaceae;g__Bifidobacterium;s__Bifidobacterium hominis,ed1e44934f5c5f438c30637e1c754027,/mnt/data1/quantnm/workflow/profiler_sourmash/work/fc/425d9a9dcfac398b33e0d7dd9e7b94/ERR9904450/ERR9904450.fastq.gz,31,1000,GCF_040095915.1 Bifidobacterium hominis,0.0007634188572328,0.00361980213901956,97000,1795402,6499,1.0 | 1.0,0.989006968589154 | 0.970463674833752,0.0184474365031724 | 0.0437307470979355,min_coverage0.05 | min_coverage0.01,/mnt/data2/quantnm/microgen2026/22en/out/Readbased_Analysis/Sourmash-YACHT/final_results/final_results/merged_sourmash_yacht.csv,5379,1203755,67
ERR9904450,d__Bacteria;p__Bacillota;c__Clostridia;o__Lachnospirales;f__Lachnospiraceae;g__Lachnospira;s__Lachnospira rogosae,ed1e44934f5c5f438c30637e1c754027,/mnt/data1/quantnm/workflow/profiler_sourmash/work/fc/425d9a9dcfac398b33e0d7dd9e7b94/ERR9904450/ERR9904450.fastq.gz,31,1000,GCF_040096455.1 [Lactobacillus] rogosae,0.0076814103573115,0.000543610845927542,976000,1795402,976,1.0 | 1.0 | 1.0,0.984644615303955 | 0.982528835497552 | 0.96990342647843,0.0097636818807322 | 0.0121638959096038 | 0.0248207506973709,min_coverage0.1 | min_coverage0.05 | min_coverage0.01,/mnt/data2/quantnm/microgen2026/22en/out/Readbased_Analysis/Sourmash-YACHT/final_results/final_results/merged_sourmash_yacht.csv,1697,1024721,1
ERR9904450,d__Bacteria;p__Bacillota;c__Bacilli;o__Lactobacillales;f__Streptococcaceae;g__Streptococcus;s__Streptococcus parasanguinis_W,ed1e44934f5c5f438c30637e1c754027,/mnt/data1/quantnm/workflow/profiler_sourmash/work/fc/425d9a9dcfac398b33e0d7dd9e7b94/ERR9904450/ERR9904450.fastq.gz,31,1000,GCF_040226555.1 Streptococcus parasanguinis,0.00339996851881,0.000240614636722027,432000,1795402,432,0.0106364763511501 | 1.0,0.98936352364885 | 0.0,0.0972068988573743 | -1.0,min_coverage0.05 | min_coverage0.01,/mnt/data2/quantnm/microgen2026/22en/out/Readbased_Analysis/Sourmash-YACHT/final_results/final_results/merged_sourmash_yacht.csv,568,1069340,1
ERR9904450,d__Bacteria;p__Bacillota;c__Bacilli;o__Lactobacillales;f__Streptococcaceae;g__Streptococcus;s__Streptococcus lutetiensis,ed1e44934f5c5f438c30637e1c754027,/mnt/data1/quantnm/workflow/profiler_sourmash/work/fc/425d9a9dcfac398b33e0d7dd9e7b94/ERR9904450/ERR9904450.fastq.gz,31,1000,GCF_900475675.1 Streptococcus lutetiensis,0.010617031323784,0.0480872807315576,1349000,1795402,86336,1.0 | 1.0 | 1.0 | 1.0,0.989575454334054 | 0.984002824599688 | 0.987395543858681 | 0.989574806848662,0.0087138280092562 | 0.0144459938499321 | 0.0203681576126514 | 0.060966443035701,min_coverage0.5 | min_coverage0.1 | min_coverage0.05 | min_coverage0.01,/mnt/data2/quantnm/microgen2026/22en/out/Readbased_Analysis/Sourmash-YACHT/final_results/final_results/merged_sourmash_yacht.csv,89930,864064,64
ERR9904450,d__Bacteria;p__Bacillota;c__Clostridia;o__Tissierellales;f__Peptoniphilaceae;g__Finegoldia;s__Finegoldia sp900766215,ed1e44934f5c5f438c30637e1c754027,/mnt/data1/quantnm/workflow/profiler_sourmash/work/fc/425d9a9dcfac398b33e0d7dd9e7b94/ERR9904450/ERR9904450.fastq.gz,31,1000,GCF_900766215.1 uncultured Finegoldia sp.,0.0005430505273099,0.000345883540287913,69000,1795402,621,1.0 | 1.0,0.986768866113344 | 0.95627866979274,0.0171434641940272 | 0.0383929549551861,min_coverage0.05 | min_coverage0.01,/mnt/data2/quantnm/microgen2026/22en/out/Readbased_Analysis/Sourmash-YACHT/final_results/final_results/merged_sourmash_yacht.csv,744,1217651,9
ERR9904450,d__Bacteria;p__Bacillota;c__Clostridia;o__Lachnospirales;f__Lachnospiraceae;g__Mediterraneibacter;s__Mediterraneibacter sp934309345,ed1e44934f5c5f438c30637e1c754027,/mnt/data1/quantnm/workflow/profiler_sourmash/work/fc/425d9a9dcfac398b33e0d7dd9e7b94/ERR9904450/ERR9904450.fastq.gz,31,1000,GCF_934309345.1 uncultured Mediterraneibacter sp.,0.0018022981268691,0.0114793232936134,229000,1795402,20610,0.723293794997309 | 1.0 | 1.0,0.985862685751781 | 0.98741851540094 | 0.96990342647843,0.0098929086873141 | 0.0125388568412634 | 0.0248207506973709,min_coverage0.1 | min_coverage0.05 | min_coverage0.01,/mnt/data2/quantnm/microgen2026/22en/out/Readbased_Analysis/Sourmash-YACHT/final_results/final_results/merged_sourmash_yacht.csv,23507,1121121,90
ERR9904450,d__Bacteria;p__Actinomycetota;c__Actinomycetes;o__Actinomycetales;f__Bifidobacteriaceae;g__Bifidobacterium;s__Bifidobacterium sp959020145,ed1e44934f5c5f438c30637e1c754027,/mnt/data1/quantnm/workflow/profiler_sourmash/work/fc/425d9a9dcfac398b33e0d7dd9e7b94/ERR9904450/ERR9904450.fastq.gz,31,1000,GCF_959020145.1 uncultured Bifidobacterium sp.,0.0011097119471116,0.00612564762654826,141000,1795402,10998,1.0 | 1.0 | 1.0,0.981237659269716 | 0.984298786403915 | 0.98936352364885,0.0171445127294956 | 0.0253003380173045 | 0.0972068988573743,min_coverage0.1 | min_coverage0.05 | min_coverage0.01,/mnt/data2/quantnm/microgen2026/22en/out/Readbased_Analysis/Sourmash-YACHT/final_results/final_results/merged_sourmash_yacht.csv,9452,1177964,78
ERR9904450,d__Bacteria;p__Actinomycetota;c__Actinomycetes;o__Actinomycetales;f__Bifidobacteriaceae;g__Bifidobacterium;s__Bifidobacterium sp959020155,ed1e44934f5c5f438c30637e1c754027,/mnt/data1/quantnm/workflow/profiler_sourmash/work/fc/425d9a9dcfac398b33e0d7dd9e7b94/ERR9904450/ERR9904450.fastq.gz,31,1000,GCF_959020155.1 uncultured Bifidobacterium sp.,0.0011333228396033,0.00449147321881116,144000,1795402,8064,1.0 | 1.0 | 1.0,0.988173721890293 | 0.980544348804548 | 0.943824799823422,0.022117942073024 | 0.0315591770516561 | 0.0873021117935332,min_coverage0.1 | min_coverage0.05 | min_coverage0.01,/mnt/data2/quantnm/microgen2026/22en/out/Readbased_Analysis/Sourmash-YACHT/final_results/final_results/merged_sourmash_yacht.csv,7044,1168512,56
ERR9904450,d__Bacteria;p__Actinomycetota;c__Actinomycetes;o__Actinomycetales;f__Bifidobacteriaceae;g__Bifidobacterium;s__Bifidobacterium sp959028125,ed1e44934f5c5f438c30637e1c754027,/mnt/data1/quantnm/workflow/profiler_sourmash/work/fc/425d9a9dcfac398b33e0d7dd9e7b94/ERR9904450/ERR9904450.fastq.gz,31,1000,GCF_959028125.1 uncultured Bifidobacterium sp.,0.0014953565244766,0.00666703055917282,190000,1795402,11970,1.0 | 1.0 | 1.0,0.981645501205082 | 0.973519468180451 | 0.943824799823422,0.0205933156874636 | 0.0293225892386185 | 0.0873021117935332,min_coverage0.1 | min_coverage0.05 | min_coverage0.01,/mnt/data2/quantnm/microgen2026/22en/out/Readbased_Analysis/Sourmash-YACHT/final_results/final_results/merged_sourmash_yacht.csv,11102,1154175,63
