#Annotated with Bakta v1.6.1, https://github.com/oschwengers/bakta
#Database v4.0, https://doi.org/10.5281/zenodo.4247252
#Sequence Id	Start	Stop	Strand	Locus Tag	Mol Weight [kDa]	Iso El. Point	Pfam hits	Dbxrefs
contig_1	21417	21614	+	LJBCAD_00125	7.4	6.1		RefSeq:WP_004140506.1, SO:0001217, UniParc:UPI0001575EEC, UniRef:UniRef100_A0A264C4Q5, UniRef:UniRef50_A0A264C4Q5, UniRef:UniRef90_A0A181VH75
contig_1	60352	60696	-	LJBCAD_00325	12.4	9.0		RefSeq:WP_032432889.1, SO:0001217, UniParc:UPI000451283B, UniRef:UniRef100_A0A4S4UZV6, UniRef:UniRef50_B5XMU4, UniRef:UniRef90_A0A4S4UZV6
contig_1	150882	151031	+	LJBCAD_00775	5.0	5.2		SO:0001217, UniRef:UniRef50_V0A9S1, UniRef:UniRef90_A0A2X1QCJ5
contig_1	156801	157022	-	LJBCAD_00815	7.9	7.8		RefSeq:WP_002898602.1, SO:0001217, UniParc:UPI00015762E4, UniRef:UniRef100_A0A7U7IGD8, UniRef:UniRef50_A0A2N4W2I4, UniRef:UniRef90_A0A2N4W2I4
contig_1	157279	157401	+	LJBCAD_00820	4.4	10.4		RefSeq:WP_002898600.1, SO:0001217, UniParc:UPI00015762E3, UniRef:UniRef100_A0A0E1CGT0, UniRef:UniRef50_A0A0E1CGT0, UniRef:UniRef90_A0A0E1CGT0
contig_1	224854	225069	+	LJBCAD_01125	8.1	9.6		RefSeq:WP_004141776.1, SO:0001217, UniParc:UPI0001B775A9, UniRef:UniRef100_A0A2X1QRE9, UniRef:UniRef50_A0A2X1QRE9, UniRef:UniRef90_A0A2X1QRE9
contig_1	298408	298572	-	LJBCAD_01405	5.8	7.7		RefSeq:WP_002896395.1, SO:0001217, UniParc:UPI0002186873, UniRef:UniRef100_V0AWN8, UniRef:UniRef50_A0A0E1CGL0, UniRef:UniRef90_A0A0E1CGL0
contig_1	400944	401036	-	LJBCAD_01890	3.6	8.4		SO:0001217, UniParc:UPI0001BDD3C4, UniRef:UniRef100_A0A0E1CH20, UniRef:UniRef50_A0A0E1CH20, UniRef:UniRef90_A0A0E1CH20
contig_1	424171	424281	+	LJBCAD_01980	3.7	6.0		SO:0001217, UniParc:UPI0001575D42, UniRef:UniRef100_A0A447S3R1, UniRef:UniRef50_A0A447S3R1, UniRef:UniRef90_A0A447S3R1
contig_1	429466	429972	-	LJBCAD_02000	19.2	6.1		RefSeq:WP_002895283.1, SO:0001217, UniParc:UPI0001575D3F, UniRef:UniRef100_A0A7U7F2F3, UniRef:UniRef50_B5XRF4, UniRef:UniRef90_A0A169AQY3
contig_1	434401	434706	+	LJBCAD_02030	11.5	9.7		KEGG:K21975, RefSeq:WP_032433858.1, SO:0001217, UniParc:UPI00044E8B6A, UniRef:UniRef100_A0A4S7LBK7, UniRef:UniRef50_A0A7S9E197, UniRef:UniRef90_A0A7S9E197
contig_1	499370	499945	-	LJBCAD_02380	20.3	11.5		SO:0001217, UniParc:UPI00044F510F, UniRef:UniRef100_A0A331YP51, UniRef:UniRef50_A0A331YP51, UniRef:UniRef90_A0A331YP51
contig_1	583327	584568	-	LJBCAD_02800	45.8	5.7	PF08309.14|LVIVD, PF08309.14|LVIVD	COG:COG5276, COG:S, PFAM:PF08309.14, PFAM:PF08309.14, RefSeq:WP_020801569.1, SO:0001217, UniParc:UPI0003421315, UniRef:UniRef100_A0A4S6V432, UniRef:UniRef50_A0A833G4K0, UniRef:UniRef90_A0A0H3CN84
contig_2	19580	19786	+	LJBCAD_03230	8.3	12.0		SO:0001217, UniParc:UPI0002410C50, UniRef:UniRef100_A0A0E1CDD0, UniRef:UniRef50_G9Z8N6, UniRef:UniRef90_A0A0E1CDD0
contig_2	26592	26825	+	LJBCAD_03270	7.9	6.2		RefSeq:WP_039818253.1, SO:0001217, UniParc:UPI0005851E1D, UniRef:UniRef100_A0A4S4WMU2, UniRef:UniRef50_A0A486SP11, UniRef:UniRef90_A0A486SP11
contig_2	55188	55508	-	LJBCAD_03410	11.2	6.3		RefSeq:WP_004184563.1, SO:0001217, UniParc:UPI000205C4FA, UniRef:UniRef100_A0A7U7F509, UniRef:UniRef50_A0A377WKC4, UniRef:UniRef90_A0A377WKC4
contig_2	55624	55842	+	LJBCAD_03415	8.1	9.0		RefSeq:WP_004143192.1, SO:0001217, UniParc:UPI0001A585C9, UniRef:UniRef100_A0A0C4M5H7, UniRef:UniRef50_A0A0C4M5H7, UniRef:UniRef90_A0A0C4M5H7
contig_2	71001	71198	+	LJBCAD_03480	6.9	5.2		RefSeq:WP_002908880.1, SO:0001217, UniParc:UPI000157673C, UniRef:UniRef100_A0A0E1CHE6, UniRef:UniRef50_A0A0E1CHE6, UniRef:UniRef90_A0A0E1CHE6
contig_2	144148	144933	+	LJBCAD_03830	28.1	11.3		SO:0001217, UniParc:UPI0004462579, UniRef:UniRef100_A0A8B4U7Z6, UniRef:UniRef50_A0A6I7JXW1, UniRef:UniRef90_A0A8B4SU05
contig_2	145795	146184	+	LJBCAD_03840	14.3	8.5		RefSeq:WP_004189565.1, SO:0001217, UniParc:UPI00029CD181, UniRef:UniRef100_A0A098CF51, UniRef:UniRef50_K8A3B1, UniRef:UniRef90_K8A3B1
contig_2	157156	157797	-	LJBCAD_03890	24.4	9.6		RefSeq:WP_004145379.1, SO:0001217, UniParc:UPI00015763EF, UniRef:UniRef100_A0A7U7F4V0, UniRef:UniRef50_W9B924, UniRef:UniRef90_W9B924
contig_2	169255	169395	-	LJBCAD_03950	5.1	4.1		RefSeq:WP_002908189.1, SO:0001217, UniParc:UPI00015763E4, UniRef:UniRef100_A0A7U7F6M9, UniRef:UniRef50_A0A2S4RZ35, UniRef:UniRef90_A0A7U7F6M9
contig_2	208750	208899	+	LJBCAD_04150	5.5	11.1		RefSeq:WP_002907802.1, SO:0001217, UniParc:UPI0001A58ABE, UniRef:UniRef100_A0A0E1CHR3, UniRef:UniRef50_A0A7H4MLH5, UniRef:UniRef90_A0A0E1CHR3
contig_2	258493	258678	+	LJBCAD_04430	6.7	6.5		RefSeq:WP_002907644.1, SO:0001217, UniParc:UPI0001576D5F, UniRef:UniRef100_W9BGR8, UniRef:UniRef50_W9BGR8, UniRef:UniRef90_W9BGR8
contig_2	287034	287132	+	LJBCAD_04570	3.7	5.8		SO:0001217, UniParc:UPI0002186516, UniRef:UniRef100_A0A0E1CDN3, UniRef:UniRef50_A0A0E1CDN3, UniRef:UniRef90_A0A0E1CDN3
contig_2	294663	294785	-	LJBCAD_04610	4.4	11.1		RefSeq:WP_004175940.1, SO:0001217, UniParc:UPI0001576BCF, UniRef:UniRef100_A0A8D6FY94, UniRef:UniRef50_W9B9A9, UniRef:UniRef90_W9B9A9
contig_2	386384	386479	+	LJBCAD_05040	3.5	4.4		SO:0001217, UniParc:UPI0002410629, UniRef:UniRef100_A0A0C7KK38, UniRef:UniRef50_A0A0C7KK38, UniRef:UniRef90_A0A0C7KK38
contig_2	386946	387449	-	LJBCAD_05050	19.1	7.8		RefSeq:WP_023287680.1, SO:0001217, UniParc:UPI0003BE155D, UniRef:UniRef100_A0A4S4YK16, UniRef:UniRef50_R4Y8D6, UniRef:UniRef90_W9B8I8
contig_2	388011	388157	+	LJBCAD_05060	5.5	5.2		RefSeq:WP_002906033.1, SO:0001217, UniParc:UPI00015767F5, UniRef:UniRef100_A0A7U7F689, UniRef:UniRef50_A0A1V3Z291, UniRef:UniRef90_A0A7U7F689
contig_3	12077	12439	+	LJBCAD_05325	14.0	6.3		RefSeq:WP_002903374.1, SO:0001217, UniParc:UPI0001575FBC, UniRef:UniRef100_A0A7U7F3U9, UniRef:UniRef50_A0A0J4N9Z3, UniRef:UniRef90_B5XRE1
contig_3	26992	27510	-	LJBCAD_05385	19.6	7.8		SO:0001217, UniParc:UPI000205DDA7, UniRef:UniRef100_A0A0C7KD08, UniRef:UniRef50_B5XRF4, UniRef:UniRef90_B5XRF4
contig_3	107817	108011	+	LJBCAD_05755	7.6	6.1		RefSeq:WP_004176404.1, SO:0001217, UniParc:UPI000157636B, UniRef:UniRef100_A0A7U7F3P4, UniRef:UniRef50_A0A087FKZ6, UniRef:UniRef90_A0A087FKZ6
contig_3	127410	127904	-	LJBCAD_05865	18.3	6.3		RefSeq:WP_004179572.1, SO:0001217, UniParc:UPI000282EF73, UniRef:UniRef100_A0A1V7XCR4, UniRef:UniRef50_W9BP40, UniRef:UniRef90_A0A1V7XCR4
contig_3	136435	137574	-	LJBCAD_05895	41.6	5.7		RefSeq:WP_023287565.1, SO:0001217, UniParc:UPI0003BF7C48, UniRef:UniRef100_A0A4S7LRU7, UniRef:UniRef50_L0MDP8, UniRef:UniRef90_A0A0E1CF38
contig_3	137849	140290	-	LJBCAD_05905	89.9	5.9	PF09994.12|DUF2235, PF09994.12|DUF2235	PFAM:PF09994.12, PFAM:PF09994.12, RefSeq:WP_032432956.1, SO:0001217, UniParc:UPI00044648E0, UniRef:UniRef100_A0A4S4TSL7, UniRef:UniRef50_A0A2J9SH40, UniRef:UniRef90_A0A2X3CAR6
contig_3	218543	218689	+	LJBCAD_06270	5.6	8.1		SO:0001217, UniRef:UniRef50_A0A4R3ZIW8, UniRef:UniRef90_UPI00036CEE3C
contig_3	236815	237087	-	LJBCAD_06360	10.1	8.3		RefSeq:WP_023279116.1, SO:0001217, UniParc:UPI000318EDA4, UniRef:UniRef100_A0A7U9D1J3, UniRef:UniRef50_W1HY11, UniRef:UniRef90_W1HY11
contig_4	56284	56559	+	LJBCAD_06875	9.0	6.1		RefSeq:WP_004174494.1, SO:0001217, UniParc:UPI0001A5883A, UniRef:UniRef100_A0A060VEJ6, UniRef:UniRef50_A0A380QQL3, UniRef:UniRef90_A0A060VEJ6
contig_4	147371	147691	-	LJBCAD_07290	11.8	9.3		RefSeq:WP_023286839.1, SO:0001217, UniParc:UPI0003BFB02E, UniRef:UniRef100_A0A4S4WLG5, UniRef:UniRef50_A0A0W8ANJ1, UniRef:UniRef90_A0A0W8ANJ1
contig_5	5680	6150	-	LJBCAD_07850	17.4	9.1		RefSeq:WP_032419293.1, SO:0001217, UniParc:UPI0003EBA09D, UniRef:UniRef100_A0A6N3GKS1, UniRef:UniRef50_C9XYI4, UniRef:UniRef90_R4YC34
contig_5	6150	6626	-	LJBCAD_07855	18.1	4.4		RefSeq:WP_165451368.1, SO:0001217, UniParc:UPI000DE7464C, UniRef:UniRef100_UPI000DE7464C, UniRef:UniRef50_C9XYI3, UniRef:UniRef90_A0A0E1CMV6
contig_5	6673	6915	-	LJBCAD_07860	8.9	5.4		RefSeq:WP_029602700.1, SO:0001217, UniParc:UPI000497083F, UniRef:UniRef100_UPI000497083F, UniRef:UniRef50_A0A377Y4P4, UniRef:UniRef90_A0A332BYF2
contig_5	11745	12065	-	LJBCAD_07875	11.9	9.8		RefSeq:WP_094317178.1, SO:0001217, UniParc:UPI000B95C8CB, UniRef:UniRef100_UPI001D0D31BC, UniRef:UniRef50_A0A1S0W973, UniRef:UniRef90_A0A1S0W973
contig_5	12486	12800	-	LJBCAD_07880	12.3	9.8		
contig_5	15225	15617	-	LJBCAD_07900	14.3	6.0		RefSeq:WP_040229586.1, SO:0001217, UniParc:UPI00058AE849, UniRef:UniRef100_UPI00058AE849, UniRef:UniRef50_A0A1L5C6X8, UniRef:UniRef90_A0A1L5C6X8
contig_5	15614	16039	-	LJBCAD_07905	15.6	10.0		RefSeq:WP_004151265.1, SO:0001217, UniParc:UPI0002687218, UniRef:UniRef100_A0A0J2GAP0, UniRef:UniRef50_A0A1B7IQH9, UniRef:UniRef90_A0A0J2GAP0
contig_5	16735	17097	-	LJBCAD_07920	13.1	4.2		RefSeq:WP_094317168.1, SO:0001217, UniParc:UPI000B951C51, UniRef:UniRef100_UPI000B951C51, UniRef:UniRef50_G9Y3S6, UniRef:UniRef90_A0A859RZM7
contig_5	17653	17910	-	LJBCAD_07930	8.9	4.4		RefSeq:WP_094317169.1, SO:0001217, UniParc:UPI000B95237E, UniRef:UniRef100_UPI000B95237E, UniRef:UniRef50_A0A6A8ES50, UniRef:UniRef90_UPI000E2AAF48
contig_5	19027	19455	-	LJBCAD_07940	15.2	6.3		RefSeq:WP_004151271.1, SO:0001217, UniParc:UPI0002687213, UniRef:UniRef100_A0A7I6WP16, UniRef:UniRef50_D3UXH4, UniRef:UniRef90_R4YBI0
contig_5	20857	21039	-	LJBCAD_07950	6.7	10.4		RefSeq:WP_047680685.1, SO:0001217, UniParc:UPI000582C7BF, UniRef:UniRef100_A0A6G2BN68, UniRef:UniRef50_A0A379D2N3, UniRef:UniRef90_A0A379D2N3
contig_5	25747	26397	-	LJBCAD_07975	24.5	5.4		RefSeq:WP_032432709.1, SO:0001217, UniParc:UPI000451455E, UniRef:UniRef100_UPI000451455E, UniRef:UniRef50_A0A4P6WNI7, UniRef:UniRef90_A0A0D7LS66
contig_5	28368	28559	+	LJBCAD_07995	7.5	4.2		RefSeq:WP_009483893.1, SO:0001217, UniParc:UPI000205D9DB, UniRef:UniRef100_UPI000205D9DB, UniRef:UniRef50_A7MI85, UniRef:UniRef90_A0A483NG06
contig_5	32327	32524	-	LJBCAD_08035	7.1	6.2		RefSeq:WP_032432693.1, SO:0001217, UniParc:UPI00044A57A0, UniRef:UniRef100_UPI00044A57A0, UniRef:UniRef50_A0A7H4MW32, UniRef:UniRef90_UPI001E36F4F2
contig_5	32517	33293	-	LJBCAD_08040	28.3	4.6		RefSeq:WP_071888998.1, SO:0001217, UniParc:UPI00044B6CDA, UniRef:UniRef100_UPI00044B6CDA, UniRef:UniRef50_UPI001D0E0E5C, UniRef:UniRef90_UPI001D0E0E5C
contig_5	33294	33587	-	LJBCAD_08045	10.4	4.4		RefSeq:WP_029497179.1, SO:0001217, UniParc:UPI0004491F9A, UniRef:UniRef100_UPI0004491F9A, UniRef:UniRef50_J6I9Y5, UniRef:UniRef90_J6I9Y5
contig_5	33587	33874	-	LJBCAD_08050	11.1	5.9		RefSeq:WP_032432691.1, SO:0001217, UniParc:UPI0004450515, UniRef:UniRef100_UPI0004450515, UniRef:UniRef50_UPI000B417849, UniRef:UniRef90_UPI000B417849
contig_5	34541	34747	-	LJBCAD_08060	7.8	9.3		RefSeq:WP_004178825.1, SO:0001217, UniParc:UPI00028301C1, UniRef:UniRef100_A0A2V1LHE6, UniRef:UniRef50_C9XXY9, UniRef:UniRef90_A0A2V1LHE6
contig_5	34744	35169	-	LJBCAD_08065	15.5	6.1		RefSeq:WP_032432690.1, SO:0001217, UniParc:UPI000449DEF1, UniRef:UniRef100_UPI000449DEF1, UniRef:UniRef50_A0A7U7F1S3, UniRef:UniRef90_UPI000BFC120C
contig_5	38638	38817	-	LJBCAD_08100	6.9	6.5		SO:0001217, UniRef:UniRef50_A0A486QIV8, UniRef:UniRef90_A0A486QIV8
contig_5	39524	39658	+	LJBCAD_08105	5.2	6.0		
contig_5	114890	115105	-	LJBCAD_08475	8.2	7.8		RefSeq:WP_004142688.1, SO:0001217, UniParc:UPI000157624F, UniRef:UniRef100_A0A087FUG5, UniRef:UniRef50_L0M9B6, UniRef:UniRef90_A0A087FUG5
contig_5	115102	115359	-	LJBCAD_08480	9.5	5.2		RefSeq:WP_004147352.1, SO:0001217, UniParc:UPI00024105C1, UniRef:UniRef100_A0A060VJW7, UniRef:UniRef50_A0A168EXL6, UniRef:UniRef90_A0A378CDV7
contig_5	147614	147946	+	LJBCAD_08640	11.6	4.3		RefSeq:WP_004178748.1, SO:0001217, UniParc:UPI0001576180, UniRef:UniRef100_A0A7U7F3H9, UniRef:UniRef50_A0A0B7GDE0, UniRef:UniRef90_A0A2V3KCU8
contig_5	189418	189570	+	LJBCAD_08860	6.0	8.8		SO:0001217, UniParc:UPI0001B75196, UniRef:UniRef100_A0A0C7KFE1, UniRef:UniRef50_A0A0C7KFE1, UniRef:UniRef90_A0A0C7KFE1
contig_6	175695	177131	+	LJBCAD_10065	52.4	6.2		SO:0001217, UniParc:UPI0003000D55, UniRef:UniRef100_A0A4S4YT84, UniRef:UniRef50_A0A422ZCU0, UniRef:UniRef90_A0A422ZCU0
contig_7	66778	68151	+	LJBCAD_10625	53.9	5.1		RefSeq:WP_019724983.1, SO:0001217, UniParc:UPI0002EC454E, UniRef:UniRef100_A0A4V3Y3Z6, UniRef:UniRef50_A0A4V3Y3Z6, UniRef:UniRef90_A0A4V3Y3Z6
contig_7	68253	68732	-	LJBCAD_10630	18.6	4.6		SO:0001217, UniRef:UniRef50_UPI001D0DBA1C, UniRef:UniRef90_UPI001D0DBA1C
contig_7	71113	72144	+	LJBCAD_10640	39.7	5.6		RefSeq:WP_019724980.1, SO:0001217, UniParc:UPI0002DA7414, UniRef:UniRef100_A0A4S4U660, UniRef:UniRef50_A0A4S4U660, UniRef:UniRef90_A0A4S4U660
contig_7	76254	76361	-	LJBCAD_10670	4.1	10.7		SO:0001217, UniParc:UPI000282FFC0, UniRef:UniRef100_A0A2X3D3B8, UniRef:UniRef50_A0A486QLN5, UniRef:UniRef90_A0A486QLN5
contig_7	106464	106649	-	LJBCAD_10830	6.7	5.8	PF02900.21|LigB	PFAM:PF02900.21
contig_7	144932	145102	+	LJBCAD_11030	6.5	7.9		SO:0001217, UniParc:UPI000448860A, UniRef:UniRef100_A0A331TDX7, UniRef:UniRef50_A0A377TK28, UniRef:UniRef90_A0A331TDX7
contig_7	154683	155744	-	LJBCAD_11085	38.5	5.1		SO:0001217, UniParc:UPI0003BFCFC2, UniRef:UniRef100_A0A4S7KBA6, UniRef:UniRef50_L0MCS7, UniRef:UniRef90_A0A1L5UBY4
contig_7	169780	170874	+	LJBCAD_11140	41.6	6.0		RefSeq:WP_071557796.1, SO:0001217, UniParc:UPI00044B45DF, UniRef:UniRef100_A0A4S8CTT3, UniRef:UniRef50_A0A4S8CTT3, UniRef:UniRef90_A0A4S8CTT3
contig_7	175298	175906	-	LJBCAD_11165	23.2	8.4		RefSeq:WP_032433717.1, SO:0001217, UniParc:UPI00044C625E, UniRef:UniRef100_A0A4S7LQF4, UniRef:UniRef50_A0A4S7LQF4, UniRef:UniRef90_A0A4S7LQF4
contig_7	177355	177558	-	LJBCAD_11175	7.9	4.8		RefSeq:WP_015959185.1, SO:0001217, UniParc:UPI0001576D21, UniRef:UniRef100_A0A4C4KZL6, UniRef:UniRef50_A0A4R7GML3, UniRef:UniRef90_A0A0L7AII5
contig_8	94329	94739	+	LJBCAD_11845	14.9	9.2		RefSeq:WP_004145917.1, SO:0001217, UniParc:UPI0001A58247, UniRef:UniRef100_A0A7U7F2W6, UniRef:UniRef50_A0A086I921, UniRef:UniRef90_A0A2A5MMM6
contig_8	104545	104829	-	LJBCAD_11885	9.7	5.0		RefSeq:WP_004177403.1, SO:0001217, UniParc:UPI00015762A8, UniRef:UniRef100_A0A0S3DJS2, UniRef:UniRef50_H5V495, UniRef:UniRef90_A0A087FUV1
contig_10	45	542	+	LJBCAD_13220	18.6	8.9		SO:0001217, UniRef:UniRef50_UPI0015D6AAA8, UniRef:UniRef90_UPI0015D6AAA8
contig_10	7839	8441	-	LJBCAD_13260	23.6	9.5		RefSeq:WP_123677151.1, SO:0001217, UniParc:UPI0004470E5F, UniRef:UniRef100_A0A6B0P0C1, UniRef:UniRef50_A0A483NIY5, UniRef:UniRef90_A0A483NIY5
contig_10	10684	11565	+	LJBCAD_13270	33.6	5.3		RefSeq:WP_004149226.1, SO:0001217, UniParc:UPI0001A586AE, UniRef:UniRef100_W9BI58, UniRef:UniRef50_W9BI58, UniRef:UniRef90_A0A1L5FJ41
contig_10	142795	143637	+	LJBCAD_13880	30.8	10.1		RefSeq:WP_004180898.1, SO:0001217, UniParc:UPI00024103E2, UniRef:UniRef100_J2X5S9, UniRef:UniRef90_B5XNK6
contig_11	1830	3851	-	LJBCAD_14185	75.5	6.9		RefSeq:WP_009308508.1, SO:0001217, UniParc:UPI0002410260, UniRef:UniRef100_A0A4V4EZL1, UniRef:UniRef50_A0A8I1FH81, UniRef:UniRef90_A0A4V4EZL1
contig_11	86927	87034	+	LJBCAD_14605	3.7	9.5		SO:0001217, UniParc:UPI0002410CBC, UniRef:UniRef100_A0A0C7K6X4, UniRef:UniRef50_A0A0C7K6X4, UniRef:UniRef90_A0A0C7K6X4
contig_11	120186	120365	-	LJBCAD_14810	6.4	4.4		RefSeq:WP_002914284.1, SO:0001217, UniParc:UPI000205DD86, UniRef:UniRef100_A0A7U7F757, UniRef:UniRef50_A0A087FS68, UniRef:UniRef90_A0A087FS68
contig_11	153524	154324	+	LJBCAD_14965	30.0	6.2		RefSeq:WP_004180956.1, SO:0001217, UniParc:UPI0001A587DD, UniRef:UniRef100_A0A141RFT2, UniRef:UniRef50_A0A2E1XIE4, UniRef:UniRef90_A0A8B3QME9
contig_13	13366	13842	-	LJBCAD_15890	17.3	5.0	PF05488.16|PAAR_motif	COG:COG4104, COG:U, PFAM:PF05488.16, RefSeq:WP_009484465.1, SO:0001217, UniParc:UPI0001576F8A, UniRef:UniRef100_W9BDJ4, UniRef:UniRef50_A0A0H3CMW4, UniRef:UniRef90_W9BDJ4
contig_13	68110	68403	-	LJBCAD_16145	9.7	4.2		SO:0001217, UniParc:UPI00024102C0, UniRef:UniRef100_V0B5E6, UniRef:UniRef50_A0A2X3E7M1, UniRef:UniRef90_A0A087FTJ2
contig_13	84420	86546	+	LJBCAD_16235	80.0	7.2		RefSeq:WP_004192454.1, SO:0001217, UniParc:UPI00029CD339, UniRef:UniRef100_A0A4S8CZ52, UniRef:UniRef50_A0A4S8CZ52, UniRef:UniRef90_A0A4S8CZ52
contig_13	110132	110227	-	LJBCAD_16360	3.6	10.8		SO:0001217, UniParc:UPI0002186713, UniRef:UniRef100_A0A2X3EXL5, UniRef:UniRef50_A0A0E1CQI5, UniRef:UniRef90_A0A0E1CQI5
contig_14	81800	81949	+	LJBCAD_17030	5.5	4.5		SO:0001217, UniParc:UPI00021863BE, UniRef:UniRef100_A0A367TH72, UniRef:UniRef50_A0A2U0NAP7, UniRef:UniRef90_A0A2U0NAP7
contig_14	88399	88566	-	LJBCAD_17070	6.0	5.3		RefSeq:WP_002917926.1, SO:0001217, UniParc:UPI0001A58BEF, UniRef:UniRef100_A0A7U7F9K7, UniRef:UniRef50_W9BBN0, UniRef:UniRef90_W9BBN0
contig_14	146510	146782	-	LJBCAD_17355	9.3	9.0		RefSeq:WP_023328345.1, SO:0001217, UniParc:UPI0003BF849C, UniRef:UniRef100_A0A4V4EV14, UniRef:UniRef50_W1HQ20, UniRef:UniRef90_A0A1C3PZV6, UniRef:UniRef90_V0ALP5
contig_14	147493	148740	-	LJBCAD_17360	47.8	5.0		RefSeq:WP_032433591.1, SO:0001217, UniParc:UPI0004524D11, UniRef:UniRef100_A0A4S7L398, UniRef:UniRef50_A0A0H3F4U0, UniRef:UniRef90_A0A4S7L398
contig_15	13214	13549	+	LJBCAD_17480	12.4	4.6	PF08956.13|DUF1869	PFAM:PF08956.13, RefSeq:WP_004148980.1, SO:0001217, UniParc:UPI00026EA56A, UniRef:UniRef100_A0A422XSY4, UniRef:UniRef50_A0A2P8VNH9, UniRef:UniRef90_W9BPS7
contig_15	14601	15176	+	LJBCAD_17490	19.7	11.1		RefSeq:WP_032434792.1, SO:0001217, UniParc:UPI0004A13058, UniRef:UniRef100_A0A332RK93, UniRef:UniRef50_A0A0H3GSE1, UniRef:UniRef90_A0A0H3GSE1
contig_15	20413	20742	+	LJBCAD_17520	13.3	5.1		RefSeq:WP_001588070.1, SO:0001217, UniParc:UPI0002687389, UniRef:UniRef100_A0A8D6KTR7, UniRef:UniRef50_B7MWP2, UniRef:UniRef90_B7MWP2
contig_15	20756	21067	+	LJBCAD_17525	12.3	9.5		RefSeq:WP_001030749.1, SO:0001217, UniParc:UPI0002687388, UniRef:UniRef100_A0A2S5RLM2, UniRef:UniRef50_A0A2S5RLM2, UniRef:UniRef90_A0A2S5RLM2
contig_15	21146	21436	+	LJBCAD_17530	11.2	5.0		RefSeq:WP_002911787.1, SO:0001217, UniParc:UPI00026F08D4, UniRef:UniRef100_A0A2V3K2R2, UniRef:UniRef50_A0A2I5TPB1, UniRef:UniRef90_A0A2V3K2R2
contig_15	21489	21869	+	LJBCAD_17535	14.8	4.8		RefSeq:WP_004151487.1, SO:0001217, UniParc:UPI0002687387, UniRef:UniRef100_A0A2V3K1A0, UniRef:UniRef50_A0A486NKG3, UniRef:UniRef90_A0A806NSB7
contig_15	25552	26118	+	LJBCAD_17550	19.8	9.1		RefSeq:WP_004198820.1, SO:0001217, UniParc:UPI0002BF2003, UniRef:UniRef100_A0A0E1CCH5, UniRef:UniRef50_A0A0E1CCH5, UniRef:UniRef90_A0A0E1CCH5
contig_15	29063	29305	+	LJBCAD_17570	9.5	5.1		RefSeq:WP_004151480.1, SO:0001217, UniParc:UPI00026F08CD, UniRef:UniRef100_A0A7M3GC17, UniRef:UniRef50_I4SPX6, UniRef:UniRef90_A0A0J1NDW1
contig_15	29478	29693	-	LJBCAD_17575	8.2	5.1		RefSeq:WP_000132147.1, SO:0001217, UniParc:UPI0002610A80, UniRef:UniRef100_A0A5T4GK06, UniRef:UniRef50_A0A5T4GK06, UniRef:UniRef90_A0A5T4GK06
contig_15	32154	32636	+	LJBCAD_17585	18.9	6.4		RefSeq:WP_004151478.1, SO:0001217, UniParc:UPI000268737F, UniRef:UniRef100_A0A0E1CC03, UniRef:UniRef50_A0A0E1CC03, UniRef:UniRef90_A0A0E1CC03
contig_15	33915	34511	+	LJBCAD_17590	23.7	8.2		RefSeq:WP_004151477.1, SO:0001217, UniParc:UPI00026F0573, UniRef:UniRef100_A0A0J2GRG9, UniRef:UniRef50_B7MWM0, UniRef:UniRef90_A0A0J2GRG9
contig_15	62796	63854	+	LJBCAD_17695	40.6	5.9		RefSeq:WP_000899459.1, SO:0001217, UniParc:UPI000188728C, UniRef:UniRef100_A0A3T8R365, UniRef:UniRef50_E6W0T8, UniRef:UniRef90_A0A377ZC83
contig_15	74344	74481	-	LJBCAD_17750	4.7	6.5		RefSeq:WP_000825479.1, SO:0001217, UniParc:UPI000022FBBE, UniRef:UniRef100_Q6XGF6, UniRef:UniRef50_A8AEX9, UniRef:UniRef90_A8AEX9
contig_15	80452	80685	-	LJBCAD_17785	8.5	6.8		RefSeq:WP_001231171.1, SO:0001217, UniParc:UPI0000F67B7E, UniRef:UniRef100_A0A0K4B5E9, UniRef:UniRef50_A0A635LY00, UniRef:UniRef90_A0A635LY00
contig_15	82390	82572	-	LJBCAD_17795	6.7	4.6		RefSeq:WP_001513329.1, SO:0001217, UniParc:UPI000282ECCD, UniRef:UniRef100_A0A1Y4JJG3, UniRef:UniRef50_A0A1Y4JJG3, UniRef:UniRef90_A0A1Y4JJG3
contig_15	82919	83845	-	LJBCAD_17805	35.4	9.4		RefSeq:WP_000039781.1, SO:0001217, UniParc:UPI0002A2603F, UniRef:UniRef100_A0A3T8R695, UniRef:UniRef50_Q9X9G6, UniRef:UniRef90_Q9X9G6
contig_15	118762	118998	-	LJBCAD_17890	8.4	6.0		RefSeq:WP_004212965.1, SO:0001217, UniParc:UPI0002B5F32C, UniRef:UniRef100_A0A210V1N3, UniRef:UniRef50_A0A2W7T4C3, UniRef:UniRef90_A0A2W7T4C3
contig_15	122934	123764	-	LJBCAD_17925	32.6	9.1		RefSeq:WP_023317563.1, SO:0001217, UniParc:UPI0003BF12BF, UniRef:UniRef100_A0A263K2L5, UniRef:UniRef50_B7MJR3, UniRef:UniRef90_A0A263K2L5
contig_15	124233	124367	-	LJBCAD_17930	5.2	4.3		SO:0001217, UniRef:UniRef50_W9B7L7, UniRef:UniRef90_W9B7L7
contig_15	125149	125448	-	LJBCAD_17940	11.2	9.4		RefSeq:WP_039817952.1, SO:0001217, UniParc:UPI000584CDCD, UniRef:UniRef100_A0A482J4Q4, UniRef:UniRef50_A0A1X9TP86, UniRef:UniRef90_A0A1X9TP86
contig_15	134824	135162	-	LJBCAD_18005	12.0	4.7		RefSeq:WP_039817923.1, SO:0001217, UniParc:UPI00058540CB, UniRef:UniRef100_A0A482JA22, UniRef:UniRef50_A0A482JA22, UniRef:UniRef90_A0A482JA22
contig_15	140492	140782	-	LJBCAD_18030	11.0	10.6		
contig_16	40710	41054	+	LJBCAD_18245	13.4	6.2		RefSeq:WP_004185642.1, SO:0001217, UniParc:UPI000157692E, UniRef:UniRef100_W9BBZ4, UniRef:UniRef50_A0A087FVF2, UniRef:UniRef90_W9BBZ4
contig_16	41254	41442	+	LJBCAD_18250	6.7	5.6		RefSeq:WP_002916738.1, SO:0001217, UniParc:UPI000157692F, UniRef:UniRef100_A0A2X1Q2W0, UniRef:UniRef50_A0A3S4GEB5, UniRef:UniRef90_A0A3S4GEB5
contig_16	41463	41552	+	LJBCAD_18255	3.3	4.1		SO:0001217, UniParc:UPI0002410689, UniRef:UniRef100_A0A2X1Q2W0, UniRef:UniRef50_A0A3S4GEB5, UniRef:UniRef90_A0A3S4GEB5
contig_16	106204	106611	+	LJBCAD_18580	14.8	8.7		RefSeq:WP_032433542.1, SO:0001217, UniParc:UPI0004501AA9, UniRef:UniRef100_A0A377Z419, UniRef:UniRef50_A0A377Z419, UniRef:UniRef90_A0A377Z419
contig_16	114138	114866	-	LJBCAD_18620	26.0	7.8		RefSeq:WP_032433551.1, SO:0001217, UniParc:UPI0004515CAD, UniRef:UniRef100_A0A4S8DCI8, UniRef:UniRef50_A0A4S8DCI8, UniRef:UniRef90_A0A4S8DCI8
contig_16	119974	121017	-	LJBCAD_18650	40.6	6.0		RefSeq:WP_045326985.1, SO:0001217, UniParc:UPI00044E8A3F, UniRef:UniRef100_A0A4S4YQT9, UniRef:UniRef50_A0A4S4YQT9, UniRef:UniRef90_A0A4S4YQT9
contig_16	130470	130571	-	LJBCAD_18715	3.7	5.8		SO:0001217, UniParc:UPI00044FD3CF, UniRef:UniRef100_A0A482MFK1, UniRef:UniRef50_A0A3S4HDA3, UniRef:UniRef90_A0A482MFK1
contig_16	130588	130782	-	LJBCAD_18720	7.4	7.9		RefSeq:WP_032433569.1, SO:0001217, UniParc:UPI000450D3C4, UniRef:UniRef100_A0A4S8CJX2, UniRef:UniRef50_A0A4S8CJX2, UniRef:UniRef90_A0A4S8CJX2
contig_16	130922	131281	-	LJBCAD_18725	13.8	9.1		
contig_16	132624	132779	-	LJBCAD_18735	6.0	9.2		RefSeq:WP_162897204.1, SO:0001217, UniParc:UPI000445E42C, UniRef:UniRef100_A0A482ME92, UniRef:UniRef50_A0A482ME92, UniRef:UniRef90_A0A482ME92
contig_17	11922	12278	+	LJBCAD_18780	13.9	4.9		RefSeq:WP_004176301.1, SO:0001217, UniParc:UPI0001576087, UniRef:UniRef100_A0A169Q432, UniRef:UniRef50_A0A086I7Y8, UniRef:UniRef90_A0A086I7Y8
contig_17	15442	17019	-	LJBCAD_18795	58.2	6.7		SO:0001217, UniRef:UniRef50_A0A4S8CGG0, UniRef:UniRef90_A0A4S8CGG0
contig_17	29496	29600	+	LJBCAD_18865	3.7	10.0		SO:0001217, UniParc:UPI0001576097, UniRef:UniRef100_A0A7U7F3Y1, UniRef:UniRef50_B5XR91, UniRef:UniRef90_B5XR91
contig_17	29989	30360	+	LJBCAD_18870	13.9	9.9		SO:0001217, UniParc:UPI00037FE62F, UniRef:UniRef100_A0A170XEE3, UniRef:UniRef50_A0A0H3HC69, UniRef:UniRef90_A0A0J2G704
contig_17	56597	56701	-	LJBCAD_19005	3.7	5.6		SO:0001217, UniParc:UPI000282F005, UniRef:UniRef100_A0A331H0I4, UniRef:UniRef50_A0A7Z9B0A7, UniRef:UniRef90_A0A7Z9B0A7
contig_17	59635	59865	+	LJBCAD_19025	8.6	5.4		SO:0001217, UniParc:UPI00028301EE, UniRef:UniRef100_A0A1L5VYX7, UniRef:UniRef50_A0A1L5VYX7, UniRef:UniRef90_A0A378C701
contig_17	69217	69477	+	LJBCAD_19075	9.4	6.0		RefSeq:WP_004176262.1, SO:0001217, UniParc:UPI0000003DFF, UniRef:UniRef100_Q849X8, UniRef:UniRef50_A0A141RGY5, UniRef:UniRef90_A0A141RGY5
contig_17	110469	110567	+	LJBCAD_19280	3.7	6.0		SO:0001217, UniParc:UPI0001576227, UniRef:UniRef100_A0A7U7IHA3, UniRef:UniRef50_E3G7B2, UniRef:UniRef90_A0A7U7IHA3
contig_18	24105	24206	-	LJBCAD_19420	4.1	8.8		SO:0001217, UniParc:UPI0002410CD1, UniRef:UniRef100_J2LNT0, UniRef:UniRef50_A0A2J4VVS7, UniRef:UniRef90_A0A6B3VI75
contig_18	73257	73604	-	LJBCAD_19630	13.5	5.9	PF05973.17|Gp49	COG:COG4683, COG:S, PFAM:PF05973.17, RefSeq:WP_032433636.1, SO:0001217, UniParc:UPI00044C8191, UniRef:UniRef100_A0A4S7KZ03, UniRef:UniRef50_A0A1B8H9Y4, UniRef:UniRef90_A0A486LFK7
contig_20	65666	65935	-	LJBCAD_20520	10.6	8.0		RefSeq:WP_002882858.1, SO:0001217, UniParc:UPI0001813513, UniRef:UniRef100_A0A0E1CR77, UniRef:UniRef50_A0A336QW89, UniRef:UniRef90_A0A0E1CR77
contig_21	54054	54677	-	LJBCAD_20965	24.0	8.6		RefSeq:WP_004177539.1, SO:0001217, UniParc:UPI00024102B1, UniRef:UniRef100_A0A4S7LB69, UniRef:UniRef50_A0A1D8JNL2, UniRef:UniRef90_W1HYC5
contig_21	94348	94665	-	LJBCAD_21150	12.6	10.3		RefSeq:WP_002887322.1, SO:0001217, UniParc:UPI0001576C6C, UniRef:UniRef100_A0A4P0XTH7, UniRef:UniRef50_R4Y5H2, UniRef:UniRef90_R4Y5H2
contig_22	235	606	-	LJBCAD_21155	13.5	9.0		RefSeq:WP_044816264.1, SO:0001217, UniParc:UPI0004DBBD2C, UniRef:UniRef100_H6U1R2, UniRef:UniRef50_A0A378H2X3, UniRef:UniRef90_A0A378H2X3
contig_22	13919	14323	-	LJBCAD_21200	14.8	9.1		RefSeq:WP_042919279.1, SO:0001217, UniParc:UPI000449518A, UniRef:UniRef100_A0A8F6IWY3, UniRef:UniRef50_A0A378H2W1, UniRef:UniRef90_A0A378H2W1
contig_22	17458	18174	+	LJBCAD_21220	26.9	9.4		RefSeq:WP_043907029.1, SO:0001217, UniParc:UPI0004DBAE2B, UniRef:UniRef100_A0A8F6JHN0, UniRef:UniRef50_A0A2J4ZZR1, UniRef:UniRef90_A0A5Q9LMP5
contig_22	18161	18661	+	LJBCAD_21225	18.6	5.4		RefSeq:WP_004196661.1, SO:0001217, UniParc:UPI0002528386, UniRef:UniRef100_A0A142I4F1, UniRef:UniRef50_A0A2G4PWY7, UniRef:UniRef90_A0A2G4PWY7
contig_22	23439	23903	-	LJBCAD_21245	17.5	5.4		RefSeq:WP_004181799.1, SO:0001217, UniParc:UPI0002528381, UniRef:UniRef100_A0A1Z3MLY8, UniRef:UniRef50_A0A024HVZ8, UniRef:UniRef90_A0A024HVZ8
contig_22	25236	25754	-	LJBCAD_21255	19.6	5.0		RefSeq:WP_014386508.1, SO:0001217, UniParc:UPI0002528380, UniRef:UniRef100_A0A430I2S0, UniRef:UniRef50_A0A6P1V6Y6, UniRef:UniRef90_A0A2G4PWY8
contig_22	29389	29703	+	LJBCAD_21275	11.6	9.6		SO:0001217, UniParc:UPI0002AADBAF, UniRef:UniRef100_A0A345WX24, UniRef:UniRef50_A0A2N4YTJ9, UniRef:UniRef90_A0A2N4YTJ9
contig_22	29848	30516	+	LJBCAD_21280	24.9	9.3		RefSeq:WP_014386506.1, SO:0001217, UniParc:UPI000252837B, UniRef:UniRef100_A0A3S0HJY7, UniRef:UniRef50_A0A2G4PXG6, UniRef:UniRef90_A0A2G4PXG6
contig_22	30572	31336	+	LJBCAD_21285	29.1	8.7		RefSeq:WP_004196640.1, SO:0001217, UniParc:UPI0002AAA9CE, UniRef:UniRef100_A0A1J5UTI9, UniRef:UniRef50_A0A1J5UTI9, UniRef:UniRef90_A0A1J5UTI9
contig_22	32684	32812	+	LJBCAD_21295	4.6	4.1		SO:0001217, UniParc:UPI0002BDBCDB, UniRef:UniRef100_A0A1Z3MLZ8, UniRef:UniRef50_A0A385G197, UniRef:UniRef90_A0A385G197
contig_22	37407	37871	-	LJBCAD_21310	18.0	6.6		
contig_22	50797	51216	-	LJBCAD_21350	16.3	5.9		RefSeq:WP_004181820.1, SO:0001217, UniParc:UPI000252836E, UniRef:UniRef100_A0A3S0A1W7, UniRef:UniRef50_A0A1D8K2T8, UniRef:UniRef90_A0A1D8K2T8
contig_22	51768	52121	+	LJBCAD_21355	13.7	9.9		RefSeq:WP_042919268.1, SO:0001217, UniParc:UPI00044C1B7E, UniRef:UniRef100_A0A8F6JII6, UniRef:UniRef50_A0A378H413, UniRef:UniRef90_A0A378H413
contig_22	53447	53761	-	LJBCAD_21365	11.4	8.2		RefSeq:WP_004181824.1, SO:0001217, UniParc:UPI000282FF26, UniRef:UniRef100_A0A809T1X4, UniRef:UniRef50_A0A6S4YBY0, UniRef:UniRef90_A0A6S4YBY0
contig_22	54481	54840	-	LJBCAD_21370	13.5	7.8		RefSeq:WP_004181826.1, SO:0001217, UniParc:UPI000282FF28, UniRef:UniRef100_A0A7A9JV50, UniRef:UniRef50_J6IKN5, UniRef:UniRef90_A0A6S4YE24
contig_22	55071	55514	+	LJBCAD_21375	15.7	4.9		RefSeq:WP_004026468.1, SO:0001217, UniParc:UPI000282FF29, UniRef:UniRef100_A0A417ZS38, UniRef:UniRef50_A0A142I3X7, UniRef:UniRef90_A0A142I3X7
contig_22	56061	56495	+	LJBCAD_21380	15.9	5.1		RefSeq:WP_042919267.1, SO:0001217, UniParc:UPI00044DCDC6, UniRef:UniRef100_A0A8F6PPU7, UniRef:UniRef50_J5XY46, UniRef:UniRef90_A0A142I4H6
contig_22	60647	60895	+	LJBCAD_21400	9.4	6.7		RefSeq:WP_004181828.1, SO:0001217, UniParc:UPI000282FF2C, UniRef:UniRef100_A0A142I3Y4, UniRef:UniRef50_A0A142I3Y4, UniRef:UniRef90_A0A142I3Y4
contig_22	60923	61240	+	LJBCAD_21405	11.6	4.4	PF12957.10|DUF3846	PFAM:PF12957.10, RefSeq:WP_004181829.1, SO:0001217, UniParc:UPI000282FF2D, UniRef:UniRef100_A0A142I3Y5, UniRef:UniRef50_A0A142I3Y5, UniRef:UniRef90_A0A142I3Y5
contig_22	61682	61975	-	LJBCAD_21410	10.8	9.8		RefSeq:WP_004196694.1, SO:0001217, UniParc:UPI0002AA8B94, UniRef:UniRef100_A0A3S0B6Z8, UniRef:UniRef50_A0A024HW34, UniRef:UniRef90_A0A3S0B6Z8
contig_22	62036	62698	-	LJBCAD_21415	24.9	6.1		RefSeq:WP_038992072.1, SO:0001217, UniParc:UPI000449BD54, UniRef:UniRef100_A0A7U1K0H1, UniRef:UniRef50_A0A2A5MCV4, UniRef:UniRef90_A0A2A5MCV4
contig_22	62853	63161	-	LJBCAD_21420	11.8	5.4		RefSeq:WP_004026456.1, SO:0001217, UniParc:UPI0002830A84, UniRef:UniRef100_A0A2R4NHB9, UniRef:UniRef50_A0A2R4NHB9, UniRef:UniRef90_A0A2R4NHB9
contig_22	64806	65024	-	LJBCAD_21430	8.1	9.9		RefSeq:WP_004196689.1, SO:0001217, UniParc:UPI0002BDA8DA, UniRef:UniRef100_A0A8F6JH96, UniRef:UniRef50_A0A417ZS49, UniRef:UniRef90_A0A417ZS49
contig_22	65933	66250	+	LJBCAD_21440	12.0	5.8		RefSeq:WP_043907023.1, SO:0001217, UniParc:UPI0004DB9F1E, UniRef:UniRef100_A0A3P2IMV0, UniRef:UniRef50_A0A024HVR2, UniRef:UniRef90_A0A3P2IMV0
contig_22	66280	66669	+	LJBCAD_21445	14.5	5.5		RefSeq:WP_043907022.1, SO:0001217, UniParc:UPI0004DBCC84, UniRef:UniRef100_A0A8F7FPD6, UniRef:UniRef50_A0A024HW88, UniRef:UniRef90_A0A024HW88
contig_22	67046	67558	+	LJBCAD_21450	19.0	4.9		RefSeq:WP_043907035.1, SO:0001217, UniParc:UPI0004DBC72B, UniRef:UniRef100_A0A7A7YJ44, UniRef:UniRef50_A0A6M6A335, UniRef:UniRef90_A0A7A7YJ44
contig_22	69210	72590	+	LJBCAD_21460	129.0	6.0		RefSeq:WP_043907021.1, SO:0001217, UniParc:UPI0004DBACFA, UniRef:UniRef100_A0A8F7AFT0, UniRef:UniRef50_A0A6G6APZ1, UniRef:UniRef90_A0A6P1V710
contig_22	72600	72953	+	LJBCAD_21465	13.4	8.5		RefSeq:WP_043907020.1, SO:0001217, UniParc:UPI0004DBC808, UniRef:UniRef100_A0A8F6J7F8, UniRef:UniRef50_A0A422ZVI3, UniRef:UniRef90_A0A422ZVI3
contig_22	78153	78683	+	LJBCAD_21480	19.6	4.6		RefSeq:WP_004181842.1, SO:0001217, UniParc:UPI00025283F9, UniRef:UniRef100_A0A430ICQ7, UniRef:UniRef50_A0A417ZP60, UniRef:UniRef90_A0A417ZP60
contig_22	78761	78967	+	LJBCAD_21485	7.8	9.6		RefSeq:WP_004026437.1, SO:0001217, UniParc:UPI000282FF3C, UniRef:UniRef100_A0A417ZP54, UniRef:UniRef50_A0A6M6A1C7, UniRef:UniRef90_A0A6M6A1C7
contig_22	79051	79530	+	LJBCAD_21490	17.2	4.9		RefSeq:WP_004181843.1, SO:0001217, UniParc:UPI000282FF3D, UniRef:UniRef100_A0A3S0HQK6, UniRef:UniRef50_A0A024HVJ0, UniRef:UniRef90_A0A024HVJ0
contig_22	79670	79777	-	LJBCAD_21495	4.0	4.3		
contig_22	80009	80590	+	LJBCAD_21500	22.6	9.4		RefSeq:WP_004181844.1, SO:0001217, UniParc:UPI00025283F8, UniRef:UniRef100_A0A7U1K0G1, UniRef:UniRef50_A0A378H2L9, UniRef:UniRef90_A0A378H2L9
contig_22	80607	80900	+	LJBCAD_21505	11.3	4.4		RefSeq:WP_004181845.1, SO:0001217, UniParc:UPI000282FF3E, UniRef:UniRef100_A0A5Z6EIA2, UniRef:UniRef50_A0A024HVP4, UniRef:UniRef90_A0A5Q9LMU2
contig_22	82833	83153	+	LJBCAD_21520	12.3	4.6		RefSeq:WP_004026417.1, SO:0001217, UniParc:UPI000282FF4C, UniRef:UniRef100_A0A2R4NG95, UniRef:UniRef50_J9Q750, UniRef:UniRef90_A0A378H3R7
contig_22	83234	83548	+	LJBCAD_21525	11.8	5.0		RefSeq:WP_004026416.1, SO:0001217, UniParc:UPI0002AA60C7, UniRef:UniRef100_A0A7A7YXU0, UniRef:UniRef50_A0A8B4FU33, UniRef:UniRef90_A0A378H2N5
contig_22	83669	83920	+	LJBCAD_21530	9.3	8.8		RefSeq:WP_004197205.1, SO:0001217, UniParc:UPI0002830A9B, UniRef:UniRef100_A0A417ZP16, UniRef:UniRef50_K4XY94, UniRef:UniRef90_A0A417ZP16
contig_22	84086	84304	+	LJBCAD_21535	8.3	9.5		RefSeq:WP_004026415.1, SO:0001217, UniParc:UPI0002830A9C, UniRef:UniRef100_A0A7A9JAG8, UniRef:UniRef50_A0A7A9JAG8, UniRef:UniRef90_A0A7A9JAG8
contig_22	84398	84895	+	LJBCAD_21540	18.0	6.1		RefSeq:WP_014386581.1, SO:0001217, UniParc:UPI00025283E4, UniRef:UniRef100_H6U219, UniRef:UniRef50_H6U219, UniRef:UniRef90_H6U219
contig_22	85782	86426	+	LJBCAD_21545	23.4	4.4		RefSeq:WP_043907019.1, SO:0001217, UniParc:UPI0004DBA40C, UniRef:UniRef100_A0A8F6QSG8, UniRef:UniRef50_A0A5Q9LLX3, UniRef:UniRef90_A0A5Q9LLX3
contig_22	86843	87229	+	LJBCAD_21550	14.4	5.4		RefSeq:WP_043907018.1, SO:0001217, UniParc:UPI0004DBC35A, UniRef:UniRef100_A0A8F6QTD2, UniRef:UniRef50_A0A5Q9LR85, UniRef:UniRef90_A0A5Q9LR85
contig_22	87815	87925	+	LJBCAD_21555	4.2	8.2		SO:0001217, UniParc:UPI00036D8CD6, UniRef:UniRef100_A0A5T0AAK7, UniRef:UniRef50_A0A378H674, UniRef:UniRef90_A0A378H674
contig_22	88075	88173	-	LJBCAD_21560	3.5	9.7		SO:0001217, UniParc:UPI0002830D0C, UniRef:UniRef100_A0A0C7KK08, UniRef:UniRef50_A0A0C7KK08, UniRef:UniRef90_A0A0C7KK08
contig_22	88412	88963	+	LJBCAD_21565	20.3	4.7		SO:0001217, UniParc:UPI0004DBC1AE, UniRef:UniRef100_A0A2R4NGA5, UniRef:UniRef50_A0A2N5ALS2, UniRef:UniRef90_A0A2N5ALS2
contig_23	42581	45607	-	LJBCAD_21710	114.4	6.0		RefSeq:WP_223849135.1, SO:0001217, UniParc:UPI000741D2F8, UniRef:UniRef100_A0A377UWD6, UniRef:UniRef50_B7LQL9, UniRef:UniRef90_A0A4S5PEG7
contig_23	50981	51247	-	LJBCAD_21745	10.2	5.7		RefSeq:WP_004178415.1, SO:0001217, UniParc:UPI000282FEC2, UniRef:UniRef100_A0A0C7KA38, UniRef:UniRef50_S5NN69, UniRef:UniRef90_A0A2A7TZV8
contig_23	52628	52891	-	LJBCAD_21755	9.9	8.5		RefSeq:WP_094317163.1, SO:0001217, UniParc:UPI000B959852, UniRef:UniRef100_UPI000B959852, UniRef:UniRef50_A0A157EMK9, UniRef:UniRef90_A0A157EMK9
contig_23	54133	54255	+	LJBCAD_21765	4.4	8.3		SO:0001217, UniParc:UPI000282F673, UniRef:UniRef100_A0A1S0W442, UniRef:UniRef50_B5Y2M3, UniRef:UniRef90_B5Y2M3
contig_23	56789	57136	-	LJBCAD_21795	12.7	8.7		RefSeq:WP_004199257.1, SO:0001217, UniParc:UPI000241E1EC, UniRef:UniRef100_A0A0E1CPR4, UniRef:UniRef50_A0A0E1CPR4, UniRef:UniRef90_A0A0E1CPR4
contig_23	57138	57812	-	LJBCAD_21800	25.3	6.8		RefSeq:WP_004192261.1, SO:0001217, UniParc:UPI000205BB85, UniRef:UniRef100_A0A7U9D1J0, UniRef:UniRef50_D2ZA42, UniRef:UniRef90_A0A2U0LYX6
contig_25	8037	8357	-	LJBCAD_22410	12.1	9.7		RefSeq:WP_004213855.1, SO:0001217, UniParc:UPI0002B5A36D, UniRef:UniRef100_A0A1S0WH46, UniRef:UniRef50_A0A1S0WH46, UniRef:UniRef90_A0A1S0WH46
contig_25	11149	11946	-	LJBCAD_22425	28.5	6.6		RefSeq:WP_123677157.1, SO:0001217, UniParc:UPI000445162D, UniRef:UniRef100_A0A331L2P2, UniRef:UniRef50_A0A483I5C7, UniRef:UniRef90_A0A483I5C7
contig_25	12026	12430	+	LJBCAD_22430	15.8	8.8		SO:0001217, UniRef:UniRef50_A0A2X3BXH6, UniRef:UniRef90_A0A3S4HDC3
contig_25	19424	19906	+	LJBCAD_22470	18.7	8.7		RefSeq:WP_023287278.1, SO:0001217, UniParc:UPI0003BE8B6E, UniRef:UniRef100_A0A4S7KYM4, UniRef:UniRef50_A0A4S7KYM4, UniRef:UniRef90_A0A4S7KYM4
contig_25	20857	21045	+	LJBCAD_22475	7.2	9.7		SO:0001217, UniParc:UPI00044A6D8B, UniRef:UniRef100_A0A332H5F8, UniRef:UniRef50_A0A332H5F8, UniRef:UniRef90_A0A332H5F8
contig_25	21048	21179	-	LJBCAD_22480	5.1	9.2		SO:0001217, UniParc:UPI00044B5159, UniRef:UniRef100_A0A331W1R9, UniRef:UniRef50_A0A331W1R9, UniRef:UniRef90_A0A331W1R9
contig_26	70096	70314	+	LJBCAD_23080	8.1	9.5	PF13356.9|Arm-DNA-bind_3	PFAM:PF13356.9
contig_27	1644	1934	-	LJBCAD_23095	11.1	9.4		RefSeq:WP_002904624.1, SO:0001217, UniParc:UPI000157622D, UniRef:UniRef100_V0AY65, UniRef:UniRef50_V0AY65, UniRef:UniRef90_V0AY65
contig_27	31909	32157	-	LJBCAD_23255	9.7	8.1		RefSeq:WP_002904810.1, SO:0001217, UniParc:UPI00015762A4, UniRef:UniRef100_W9B845, UniRef:UniRef50_A0A0F1R5I5, UniRef:UniRef90_A0A087FPE2
contig_27	35266	35406	-	LJBCAD_23270	5.1	10.3		RefSeq:WP_002904814.1, SO:0001217, UniParc:UPI0001576309, UniRef:UniRef100_A0A7U7IIT8, UniRef:UniRef50_A0A377XB29, UniRef:UniRef90_A0A7U7IIT8
contig_27	35431	35670	-	LJBCAD_23275	8.9	9.3		RefSeq:WP_002904816.1, SO:0001217, UniParc:UPI000218621C, UniRef:UniRef100_A0A0E1CIT5, UniRef:UniRef50_A0A0E1CIT5, UniRef:UniRef90_A0A0E1CIT5
contig_27	65897	66136	-	LJBCAD_23410	9.4	9.3		RefSeq:WP_002904864.1, SO:0001217, UniParc:UPI000241DB03, UniRef:UniRef100_A0A8D6CUK3, UniRef:UniRef50_A0A8B4T3Y9, UniRef:UniRef90_A0A2X3F2Y9
contig_28	23316	23510	-	LJBCAD_23560	7.4	4.5		RefSeq:WP_023287655.1, SO:0001217, UniParc:UPI0003BF9298, UniRef:UniRef100_UPI0003BF9298, UniRef:UniRef50_UPI0003BF9298, UniRef:UniRef90_UPI0003BF9298
contig_28	24211	24903	-	LJBCAD_23570	25.6	7.0		RefSeq:WP_023287656.1, SO:0001217, UniParc:UPI0003BE0EEF, UniRef:UniRef100_A0A4S4YM98, UniRef:UniRef50_A0A443WBN3, UniRef:UniRef90_A0A4S4YM98
contig_29	2842	3102	-	LJBCAD_23730	9.5	5.3		RefSeq:WP_004026352.1, SO:0001217, UniParc:UPI0002186143, UniRef:UniRef100_A0A417ZYG1, UniRef:UniRef50_A0A2X1R845, UniRef:UniRef90_A0A2X1R845, UniRef:UniRef90_A0A417ZYG1
contig_29	5532	5666	+	LJBCAD_23750	5.0	5.4		SO:0001217, UniRef:UniRef50_B5RJZ1, UniRef:UniRef90_B5RJZ1
contig_29	6825	7892	+	LJBCAD_23765	37.6	9.6		RefSeq:WP_043907012.1, SO:0001217, UniParc:UPI0004DBBC74, UniRef:UniRef100_A0A8F6J718, UniRef:UniRef50_A0A1D8K2J2, UniRef:UniRef90_A0A1D8K2J2
contig_29	8047	8394	+	LJBCAD_23770	13.3	6.3		RefSeq:WP_040120349.1, SO:0001217, UniParc:UPI0005153C78, UniRef:UniRef100_A0A8F6PMW4, UniRef:UniRef50_B5RK14, UniRef:UniRef90_B5RK14
contig_29	8473	8706	+	LJBCAD_23775	8.7	9.2		RefSeq:WP_004181905.1, SO:0001217, UniParc:UPI000283023F, UniRef:UniRef100_A0A5P1PK14, UniRef:UniRef50_A0A024HVV8, UniRef:UniRef90_A0A024HVV8
contig_29	9249	9605	+	LJBCAD_23780	13.7	5.3		RefSeq:WP_004181906.1, SO:0001217, UniParc:UPI0002830240, UniRef:UniRef100_A0A1Z3MLR3, UniRef:UniRef50_B5RK15, UniRef:UniRef90_B5RK15
contig_29	12267	13364	-	LJBCAD_23800	42.3	5.6		RefSeq:WP_014386568.1, SO:0001217, UniParc:UPI00025283D3, UniRef:UniRef100_A0A8F6JJ35, UniRef:UniRef50_J5VA56, UniRef:UniRef90_A0A367C7X9
contig_29	18445	19233	-	LJBCAD_23815	29.4	8.5		RefSeq:WP_014386566.1, SO:0001217, UniParc:UPI00025283D0, UniRef:UniRef100_A0A8G1YAX5, UniRef:UniRef50_A0A379CSG4, UniRef:UniRef90_A0A379CSG4
contig_29	20295	21050	+	LJBCAD_23825	29.3	6.8		RefSeq:WP_004196341.1, SO:0001217, UniParc:UPI00025283CE, UniRef:UniRef100_A0A8E8E5P5, UniRef:UniRef50_W9B1P8, UniRef:UniRef90_W9B1P8
contig_29	21784	22326	+	LJBCAD_23835	20.3	9.4		RefSeq:WP_062826781.1, SO:0001217, UniParc:UPI0005153BDB, UniRef:UniRef100_A0A8E6L2M9, UniRef:UniRef50_A0A367C6P5, UniRef:UniRef90_A0A367C6P5
contig_29	29149	29454	-	LJBCAD_23855	11.9	5.7		RefSeq:WP_004181922.1, SO:0001217, UniParc:UPI00028304D9, UniRef:UniRef100_A0A1Z3MLR5, UniRef:UniRef50_A0A2N4Z914, UniRef:UniRef90_A0A2N4Z914
contig_29	29668	29808	-	LJBCAD_23860	5.5	8.9		RefSeq:WP_004181923.1, SO:0001217, UniParc:UPI00028304DA, UniRef:UniRef100_A0A383KKN6, UniRef:UniRef50_A0A1B1LQV7, UniRef:UniRef50_UPI00115BB43B, UniRef:UniRef90_A0A383KKN6, UniRef:UniRef90_UPI00115BB43B
contig_29	30421	30699	+	LJBCAD_23865	10.8	9.3		RefSeq:WP_004181924.1, SO:0001217, UniParc:UPI00028304DB, UniRef:UniRef100_A0A1Z3MLZ5, UniRef:UniRef50_B5RK15, UniRef:UniRef90_B5RK15
contig_29	35953	36264	+	LJBCAD_23885	11.0	9.3		RefSeq:WP_004181928.1, SO:0001217, UniParc:UPI00028304DD, UniRef:UniRef100_A0A1Z3MLN6, UniRef:UniRef50_A0A6S4Y8V2, UniRef:UniRef90_A0A5Q9LMN1
contig_29	36278	36619	+	LJBCAD_23890	12.2	4.6		RefSeq:WP_004181929.1, SO:0001217, UniParc:UPI00028304DE, UniRef:UniRef100_A0A1Z3MLS2, UniRef:UniRef50_A0A367C550, UniRef:UniRef90_A0A367C550
contig_29	38044	38820	+	LJBCAD_23900	30.6	8.8		RefSeq:WP_225368252.1, SO:0001217, UniParc:UPI0004A09728, UniRef:UniRef100_A0A1J0QZQ1, UniRef:UniRef50_A0A1D8K2I6, UniRef:UniRef90_A0A1D8K2I6
contig_29	41443	41952	-	LJBCAD_23915	18.9	4.8		RefSeq:WP_004181938.1, SO:0001217, UniParc:UPI00028304E2, UniRef:UniRef100_A0A345WXI4, UniRef:UniRef50_H6U1Y1, UniRef:UniRef90_H6U1Y1
contig_29	41961	42158	-	LJBCAD_23920	7.5	4.1		
contig_30	11718	11927	-	LJBCAD_23985	7.8	6.9		SO:0001217, UniParc:UPI000282EA1A, UniRef:UniRef100_A0A0C7KJI4, UniRef:UniRef50_A0A3S5DPZ4, UniRef:UniRef90_E3GA15
contig_31	10518	10760	-	LJBCAD_24185	9.2	5.4		RefSeq:WP_002918740.1, SO:0001217, UniParc:UPI0001576794, UniRef:UniRef100_A0A7U7IIL9, UniRef:UniRef90_H3N3I7
contig_32	1485	1766	-	LJBCAD_24330	10.7	9.5		RefSeq:WP_017879818.1, SO:0001217, UniParc:UPI00035F1D1E, UniRef:UniRef100_A0A2J1DE63, UniRef:UniRef50_A0A0E1CMH3, UniRef:UniRef90_A0A2J1DE63
contig_32	2798	3004	+	LJBCAD_24335	7.7	7.0		SO:0001217, UniRef:UniRef50_A0A377TH92, UniRef:UniRef90_A0A8G2AIM3
contig_32	3586	3675	-	LJBCAD_24350	3.4	6.5		
contig_32	17288	17485	-	LJBCAD_24415	7.1	4.4		RefSeq:WP_004899632.1, SO:0001217, UniParc:UPI00029246C8, UniRef:UniRef100_A0A7U7IK39, UniRef:UniRef50_A0A5V3ALA3, UniRef:UniRef90_A0A7Z8EN44
contig_32	24305	24580	-	LJBCAD_24455	9.6	6.6		RefSeq:WP_004190672.1, SO:0001217, UniParc:UPI0001C67931, UniRef:UniRef100_A0A377TTR3, UniRef:UniRef50_A0A377TTR3, UniRef:UniRef90_A0A377TTR3
contig_32	26719	27051	-	LJBCAD_24480	12.4	4.9		SO:0001217, UniRef:UniRef50_A0A486P1E9, UniRef:UniRef90_A0A486P1E9
contig_32	27909	28385	-	LJBCAD_24490	18.9	4.9		RefSeq:WP_032439905.1, SO:0001217, UniParc:UPI0003EBA614, UniRef:UniRef100_A0A8B2RAY4, UniRef:UniRef50_A0A486P1F8, UniRef:UniRef90_A0A1L5C9L6
contig_32	31044	31412	-	LJBCAD_24505	13.9	9.7		RefSeq:WP_094317208.1, SO:0001217, UniParc:UPI000B95113C, UniRef:UniRef100_A0A2X3CEL9, UniRef:UniRef50_A0A2X3CEL9, UniRef:UniRef90_A0A2X3CEL9
contig_32	33404	33592	+	LJBCAD_24520	6.7	4.5		RefSeq:WP_004152159.1, SO:0001217, UniParc:UPI000241DF43, UniRef:UniRef100_A0A483XQ12, UniRef:UniRef50_A0A0E1CK49, UniRef:UniRef90_A0A376WX76
contig_32	34120	34374	+	LJBCAD_24525	9.6	4.5		RefSeq:WP_004177206.1, SO:0001217, UniParc:UPI000282EA0F, UniRef:UniRef100_A0A2A5PNI8, UniRef:UniRef50_A0A377N0G0, UniRef:UniRef90_A0A1L5D7R6
contig_32	34346	34564	+	LJBCAD_24530	8.9	10.9		SO:0001217, UniRef:UniRef50_A0A380SAZ3, UniRef:UniRef90_W1HNY1
contig_32	34561	35001	+	LJBCAD_24535	17.2	10.2		RefSeq:WP_094317206.1, SO:0001217, UniParc:UPI000B952A0B, UniRef:UniRef100_UPI000B952A0B, UniRef:UniRef50_A0A750HT17, UniRef:UniRef90_A0A2U0LCJ4
contig_32	36266	36490	+	LJBCAD_24550	8.5	10.3		RefSeq:WP_094317204.1, SO:0001217, UniParc:UPI000B95975A, UniRef:UniRef100_A0A2A5MJE7, UniRef:UniRef50_A0A0E1CK59, UniRef:UniRef90_A0A377ZA37
contig_32	36487	36780	+	LJBCAD_24555	11.4	10.0		RefSeq:WP_094317203.1, SO:0001217, UniParc:UPI000B95AEDF, UniRef:UniRef100_UPI000B95AEDF, UniRef:UniRef50_A0A2A5MIP1, UniRef:UniRef90_A0A2A5MIP1
contig_33	188	391	+	LJBCAD_24565	7.6	10.0		SO:0001217, UniParc:UPI00036C12D8, UniRef:UniRef100_A0A263JYP0, UniRef:UniRef50_A0A1D8K1V6, UniRef:UniRef90_A0A181W9N7
contig_35	9242	9883	-	LJBCAD_24905	23.5	11.5		RefSeq:WP_004183251.1, SO:0001217, UniParc:UPI000282FC9A, UniRef:UniRef100_A0A7U9D4C3, UniRef:UniRef50_A0A4P0XWV6, UniRef:UniRef90_A0A4U9UPH4
contig_35	20615	21040	+	LJBCAD_24950	15.4	8.9		RefSeq:WP_032432745.1, SO:0001217, UniParc:UPI000450A20D, UniRef:UniRef100_A0A4S7KMN7, UniRef:UniRef50_A0A332ZAT1, UniRef:UniRef90_R4YDI4
contig_38	1124	1426	-	LJBCAD_25320	11.5	4.8		RefSeq:WP_032433392.1, SO:0001217, UniParc:UPI00044CC472, UniRef:UniRef100_A0A4S4VP49, UniRef:UniRef50_A0A4S4VP49, UniRef:UniRef90_A0A4S4VP49
contig_38	2862	3038	+	LJBCAD_25330	6.3	4.1		
contig_38	5430	5693	-	LJBCAD_25340	10.0	6.7		
contig_38	5809	6624	-	LJBCAD_25345	31.4	5.4		RefSeq:WP_032433388.1, SO:0001217, UniParc:UPI00044DFBCE, UniRef:UniRef100_A0A4S7L6E1, UniRef:UniRef50_A0A1D8JMQ0, UniRef:UniRef90_A0A4S7L6E1
contig_38	10793	11041	+	LJBCAD_25370	9.8	4.7		RefSeq:WP_032433382.1, SO:0001217, UniParc:UPI000445C5E5, UniRef:UniRef100_A0A4S4XX50, UniRef:UniRef50_A0A071LQX4, UniRef:UniRef90_A0A4S4XX50
contig_38	11046	11618	+	LJBCAD_25375	21.0	6.7		SO:0001217, UniRef:UniRef50_A0A193QDG0, UniRef:UniRef90_A0A387K103
contig_38	12556	12705	+	LJBCAD_25390	5.6	7.7		
contig_39	4192	4377	+	LJBCAD_25475	7.1	4.9		RefSeq:WP_002026779.1, SO:0001217, UniParc:UPI00000BFEBA, UniRef:UniRef100_Q17U40, UniRef:UniRef50_Q17U40, UniRef:UniRef90_Q17U40
contig_39	5783	5875	-	LJBCAD_25485	3.5	4.1		SO:0001217, UniParc:UPI00024DED13, UniRef:UniRef100_N0DU65, UniRef:UniRef50_N0DU65, UniRef:UniRef90_N0DU65
contig_39	20073	20783	+	LJBCAD_25550	24.1	10.7		
contig_39	21312	22379	-	LJBCAD_25555	40.4	7.2		RefSeq:WP_014386530.1, SO:0001217, UniParc:UPI00025283A2, UniRef:UniRef100_A0A8F6JHF7, UniRef:UniRef50_B5RJT2, UniRef:UniRef90_A0A2L1C6L4
contig_43	1230	1547	-	LJBCAD_25880	12.0	5.2		RefSeq:WP_004026552.1, SO:0001217, UniParc:UPI00028302D1, UniRef:UniRef100_A0A1Z3ML98, UniRef:UniRef50_A0A0J5K7U3, UniRef:UniRef90_A0A0J5K7U3
contig_43	1699	2022	-	LJBCAD_25885	11.7	10.1		RefSeq:WP_004186935.1, SO:0001217, UniParc:UPI00028302D2, UniRef:UniRef100_A0A1W1TAA3, UniRef:UniRef50_B5RJT7, UniRef:UniRef90_B5RJT7
contig_43	2019	2777	-	LJBCAD_25890	28.8	9.1		RefSeq:WP_023287235.1, SO:0001217, UniParc:UPI0003BE15A6, UniRef:UniRef100_A0A7D3P603, UniRef:UniRef50_B5RJT8, UniRef:UniRef90_B5RJT8
contig_43	3776	4183	-	LJBCAD_25900	15.8	9.7		RefSeq:WP_016946349.1, SO:0001217, UniParc:UPI00035C5753, UniRef:UniRef100_A0A8F6IWT9, UniRef:UniRef50_A0A2A5MB70, UniRef:UniRef90_A0A2A5MB70
contig_43	4193	4657	-	LJBCAD_25905	17.3	8.7		RefSeq:WP_023287236.1, SO:0001217, UniParc:UPI0003BFD197, UniRef:UniRef100_A0A8F7AFN7, UniRef:UniRef50_B5RJU1, UniRef:UniRef90_B5RJU1
contig_43	4705	4947	-	LJBCAD_25910	8.9	4.9		RefSeq:WP_004181763.1, SO:0001217, UniParc:UPI000282F923, UniRef:UniRef100_A0A1Z3ML96, UniRef:UniRef50_A0A330WDL0, UniRef:UniRef90_A0A1Z3ML96
contig_43	4934	5542	-	LJBCAD_25915	23.1	6.3		RefSeq:WP_014386527.1, SO:0001217, UniParc:UPI000252839D, UniRef:UniRef100_A0A7U1K0N5, UniRef:UniRef50_A0A0J4IDW2, UniRef:UniRef90_A0A0J4IDW2
contig_43	5535	5753	-	LJBCAD_25920	8.2	4.3		RefSeq:WP_004181765.1, SO:0001217, UniParc:UPI000282F925, UniRef:UniRef100_A0A417ZP02, UniRef:UniRef50_A0A417ZP02, UniRef:UniRef90_A0A417ZP02
contig_43	5898	6437	-	LJBCAD_25925	20.8	6.1		RefSeq:WP_004181766.1, SO:0001217, UniParc:UPI000282F926, UniRef:UniRef100_A0A417ZP73, UniRef:UniRef50_J6ID81, UniRef:UniRef90_A0A417ZP73
contig_43	7861	8091	-	LJBCAD_25935	8.5	5.4		RefSeq:WP_004181768.1, SO:0001217, UniParc:UPI000282F927, UniRef:UniRef100_A0A417ZP65, UniRef:UniRef50_A0A417ZP65, UniRef:UniRef90_A0A417ZP65
contig_43	9080	9424	-	LJBCAD_25940	11.9	8.5		
contig_43	9899	9991	-	LJBCAD_25945	3.4	10.2		SO:0001217, UniParc:UPI000282F929, UniRef:UniRef100_A0A0C7KA52, UniRef:UniRef50_A0A0C7KA52, UniRef:UniRef90_A0A0C7KA52
contig_43	12514	13335	-	LJBCAD_25960	32.5	5.3		RefSeq:WP_004181772.1, SO:0001217, UniParc:UPI000282F92A, UniRef:UniRef100_H6U1R6, UniRef:UniRef50_J6IL24, UniRef:UniRef90_A0A417ZNW7
contig_43	13397	13750	-	LJBCAD_25965	13.3	7.8		RefSeq:WP_004181774.1, SO:0001217, UniParc:UPI000282F92B, UniRef:UniRef100_A0A417ZP83, UniRef:UniRef50_A0A417ZP83, UniRef:UniRef90_A0A417ZP83
contig_43	13895	14881	-	LJBCAD_25970	37.0	5.3		RefSeq:WP_040120328.1, SO:0001217, UniParc:UPI0004DBC244, UniRef:UniRef100_H6U1R5, UniRef:UniRef50_A0A378H324, UniRef:UniRef90_A0A378H324
contig_44	15493	16236	+	LJBCAD_26070	25.8	5.0		RefSeq:WP_039817871.1, SO:0001217, UniParc:UPI000584F8A5, UniRef:UniRef100_UPI000584F8A5, UniRef:UniRef50_A0A4S4UH16, UniRef:UniRef90_A0A4S4UH16
contig_45	1841	2050	-	LJBCAD_26090	7.8	5.6		RefSeq:WP_004187413.1, SO:0001217, UniParc:UPI00000BFE75, UniRef:UniRef100_F1CNL3, UniRef:UniRef50_F1CNL3, UniRef:UniRef90_F1CNL3
contig_45	2053	2271	-	LJBCAD_26095	8.0	9.0		RefSeq:WP_004187411.1, SO:0001217, UniParc:UPI00023B549E, UniRef:UniRef100_A0A0A5PPB1, UniRef:UniRef50_A0A0A5PPB1, UniRef:UniRef90_A0A0A5PPB1
contig_45	5370	5528	+	LJBCAD_26120	5.8	8.1		RefSeq:WP_004187405.1, SO:0001217, UniParc:UPI000282FD14, UniRef:UniRef100_A0A0K0N3W0, UniRef:UniRef50_A0A0K0N3W0, UniRef:UniRef90_A0A0K0N3W0
contig_45	6418	6963	-	LJBCAD_26130	20.9	5.2		RefSeq:WP_004187400.1, SO:0001217, UniParc:UPI00023B54E9, UniRef:UniRef100_A0A0A8LE17, UniRef:UniRef50_A0A5Y7UZD0, UniRef:UniRef90_Q6TFY4
contig_45	8387	8872	+	LJBCAD_26150	17.9	8.4		RefSeq:WP_004187390.1, SO:0001217, UniParc:UPI00001D99DB, UniRef:UniRef100_F1CNM4, UniRef:UniRef50_F1CNM4, UniRef:UniRef90_F1CNM4
contig_45	8869	9117	+	LJBCAD_26155	9.1	9.9		RefSeq:WP_004187387.1, SO:0001217, UniParc:UPI000202108C, UniRef:UniRef100_F1CNM5, UniRef:UniRef50_A0A0F7LRH3, UniRef:UniRef90_A0A0F7LRH3
contig_45	12727	13206	+	LJBCAD_26185	17.9	9.4		RefSeq:WP_004187375.1, SO:0001217, UniParc:UPI00001D99DF, UniRef:UniRef100_A0A0A8LE13, UniRef:UniRef50_A0A0A8LE13, UniRef:UniRef90_A0A0A8LE13
contig_45	13235	13645	+	LJBCAD_26190	15.2	6.1		RefSeq:WP_004206907.1, SO:0001217, UniParc:UPI00023B54EC, UniRef:UniRef100_A0A0A5MW47, UniRef:UniRef50_A0A7L8KB92, UniRef:UniRef90_A0A7L8KB92
contig_46	383	568	+	LJBCAD_26215	7.0	9.5		RefSeq:WP_016947069.1, SO:0001217, UniParc:UPI0003021DB8, UniRef:UniRef100_A0A2R4NGA2, UniRef:UniRef50_A0A7U7F1U0, UniRef:UniRef90_A0A2R4NGA2
contig_46	838	1110	+	LJBCAD_26220	9.9	9.8		RefSeq:WP_004026399.1, SO:0001217, UniParc:UPI0002CA137B, UniRef:UniRef100_A0A2R4NGA4, UniRef:UniRef50_A0A7L8KA80, UniRef:UniRef90_A0A417ZP29
contig_46	2398	3006	+	LJBCAD_26225	23.0	5.0		RefSeq:WP_043907017.1, SO:0001217, UniParc:UPI0004DBCC6D, UniRef:UniRef100_A0A8F6JJ11, UniRef:UniRef50_A0A0F6U0K4, UniRef:UniRef90_A0A3S0BLW7
contig_46	3810	3974	+	LJBCAD_26230	6.0	4.1		RefSeq:WP_004026392.1, SO:0001217, UniParc:UPI0002830D17, UniRef:UniRef100_A0A345WXB5, UniRef:UniRef50_A0A345WXB5, UniRef:UniRef90_A0A345WXB5
contig_46	5949	6131	+	LJBCAD_26240	7.0	9.6		SO:0001217, UniParc:UPI0002AA693D, UniRef:UniRef100_A0A5Z6EK24, UniRef:UniRef50_A0A345WXB7, UniRef:UniRef90_A0A345WXB7
contig_46	6322	6717	+	LJBCAD_26245	14.4	6.1		RefSeq:WP_043907015.1, SO:0001217, UniParc:UPI0004DBB7BD, UniRef:UniRef100_A0A8F7AG71, UniRef:UniRef50_A0A142I420, UniRef:UniRef90_A0A142I420
contig_46	6727	7134	+	LJBCAD_26250	15.0	5.4		RefSeq:WP_016947073.1, SO:0001217, UniParc:UPI00037AF978, UniRef:UniRef100_A0A417ZP90, UniRef:UniRef50_A0A024HVA8, UniRef:UniRef90_A0A024HVA8
contig_46	7626	8114	+	LJBCAD_26255	18.0	4.8		RefSeq:WP_043907014.1, SO:0001217, UniParc:UPI0005C53E8A, UniRef:UniRef100_A0A8F6J7D3, UniRef:UniRef50_A0A7A7YND9, UniRef:UniRef90_A0A7A7YND9
contig_46	8675	9466	+	LJBCAD_26265	29.7	7.1		RefSeq:WP_029505550.1, SO:0001217, UniParc:UPI00044E0EA3, UniRef:UniRef100_A0A142I425, UniRef:UniRef50_A0A422ZLY3, UniRef:UniRef90_A0A422ZLY3
contig_46	11906	12613	+	LJBCAD_26280	25.4	8.7		RefSeq:WP_062826779.1, SO:0001217, UniParc:UPI000671EDAD, UniRef:UniRef100_A0A8F6M136, UniRef:UniRef50_A0A2J4ZZ70, UniRef:UniRef90_A0A809SXC4
contig_47	509	814	-	LJBCAD_26295	11.6	6.9		RefSeq:WP_023282247.1, SO:0001217, UniParc:UPI0003BE4223, UniRef:UniRef100_A0A4S8CPQ5, UniRef:UniRef50_W9BE75, UniRef:UniRef90_W9BE75
contig_48	11514	11849	-	LJBCAD_26400	12.4	6.2		
contig_49	2808	2951	-	LJBCAD_26415	5.5	6.8		RefSeq:WP_004184140.1, SO:0001217, UniParc:UPI000241DC8E, UniRef:UniRef100_A0A0T5IJ17, UniRef:UniRef50_A0A0T5IJ17, UniRef:UniRef90_A0A0T5IJ17
contig_50	6340	6681	+	LJBCAD_26515	13.7	9.7		RefSeq:WP_004902257.1, SO:0001217, UniParc:UPI00021868E4, UniRef:UniRef100_A0A8F6JS05, UniRef:UniRef50_A0A0N9DXR8, UniRef:UniRef90_A0A8D6G3M7
contig_50	6789	7001	+	LJBCAD_26520	7.5	4.8		RefSeq:WP_004902255.1, SO:0001217, UniParc:UPI00021868E3, UniRef:UniRef100_A0A6A8ERR5, UniRef:UniRef50_A0A7Y8XRL4, UniRef:UniRef90_A0A071LQY0
contig_50	7120	7398	+	LJBCAD_26525	10.7	4.8	PF08681.14|DUF1778	PFAM:PF08681.14, RefSeq:WP_004902250.1, SO:0001217, UniParc:UPI00021868E2, UniRef:UniRef100_A0A4S5RIH2, UniRef:UniRef50_L0M5W2, UniRef:UniRef90_A0A4S5RIH2
contig_50	8906	9445	+	LJBCAD_26535	20.1	6.0		RefSeq:WP_004902239.1, SO:0001217, UniParc:UPI0002923EC3, UniRef:UniRef100_A0A4S6M634, UniRef:UniRef50_A0A4S6M634, UniRef:UniRef90_A0A4S6M634
contig_50	9550	9942	+	LJBCAD_26540	14.5	9.3		RefSeq:WP_032442757.1, SO:0001217, UniParc:UPI000445AEEE, UniRef:UniRef100_A0A6A8EQA2, UniRef:UniRef50_A0A6A8EQA2, UniRef:UniRef90_A0A6A8EQA2
contig_51	6059	7075	-	LJBCAD_26575	39.2	6.6		RefSeq:WP_017899884.1, SO:0001217, UniParc:UPI000378C5C9, UniRef:UniRef100_A0A142EB80, UniRef:UniRef50_B5RKP5, UniRef:UniRef90_A0A142EB80
contig_51	7086	7400	-	LJBCAD_26580	12.1	7.8		RefSeq:WP_053389906.1, SO:0001217, UniParc:UPI0003EBA9FC, UniRef:UniRef100_A0A7D3P3N5, UniRef:UniRef50_A0A192EYK6, UniRef:UniRef90_A0A192EYK6
contig_51	7427	7822	-	LJBCAD_26585	15.3	9.8		RefSeq:WP_017899885.1, SO:0001217, UniParc:UPI00034214E6, UniRef:UniRef100_A0A142EB90, UniRef:UniRef50_A0A142EB90, UniRef:UniRef90_A0A142EB90
contig_51	9147	9344	+	LJBCAD_26600	8.0	11.5		RefSeq:WP_017899886.1, SO:0001217, UniParc:UPI00037AFC92, UniRef:UniRef100_A0A387K0F7, UniRef:UniRef50_A0A2S8HUE1, UniRef:UniRef90_A0A387K0F7
contig_51	9621	10370	-	LJBCAD_26610	29.1	5.8		
contig_52	7186	7665	-	LJBCAD_26645	18.3	8.4		RefSeq:WP_032432058.1, SO:0001217, UniParc:UPI00045017E7, UniRef:UniRef100_A0A4S4U6M1, UniRef:UniRef50_A0A4S4U6M1, UniRef:UniRef90_A0A4S4U6M1
contig_53	4565	4654	-	LJBCAD_26675	3.4	4.7		
contig_53	5143	5745	+	LJBCAD_26680	22.0	5.7		RefSeq:WP_004181720.1, SO:0001217, UniParc:UPI000282F5E1, UniRef:UniRef100_A0A5Z6EF58, UniRef:UniRef50_B5RKA4, UniRef:UniRef90_A0A071M295
contig_53	6970	7728	+	LJBCAD_26690	28.5	4.5		RefSeq:WP_043907008.1, SO:0001217, UniParc:UPI0004DB9D0B, UniRef:UniRef100_A0A8F6JS60, UniRef:UniRef50_B5RKA6, UniRef:UniRef90_B5RKA6
contig_55	80	214	+	LJBCAD_26745	5.0	6.8		SO:0001217, UniParc:UPI0002410BFC, UniRef:UniRef100_A0A378P2I5, UniRef:UniRef50_A0A378P2I5, UniRef:UniRef90_A0A378P2I5
contig_55	2321	3088	-	LJBCAD_26765	29.0	5.8		RefSeq:WP_013214013.1, SO:0001217, UniParc:UPI0001DAAE01, UniRef:UniRef100_A0A142EB84, UniRef:UniRef50_F1C5P6, UniRef:UniRef90_F1C5P6
contig_55	3571	3792	-	LJBCAD_26775	8.4	4.8		RefSeq:WP_001568042.1, SO:0001217, UniParc:UPI0001576BBB, UniRef:UniRef100_A0A3S5I4E9, UniRef:UniRef50_A0A6P1RVN7, UniRef:UniRef90_A0A0E1CRQ5
contig_55	4930	5160	-	LJBCAD_26785	8.4	10.8		RefSeq:WP_001568040.1, SO:0001217, UniParc:UPI0001576BB9, UniRef:UniRef100_A0A1X9QAG4, UniRef:UniRef50_A0A1Q8YLE1, UniRef:UniRef90_A0A1U9SRY7
contig_57	84	410	+	LJBCAD_26830	11.5	6.0		SO:0001217, UniParc:UPI0006636E3E, UniRef:UniRef100_A0A2H5C2F9, UniRef:UniRef50_A0A6H1PWF8, UniRef:UniRef90_A0A2H5C2F9
contig_57	414	683	+	LJBCAD_26835	9.1	5.4		SO:0001217, UniParc:UPI000165EE26, UniRef:UniRef100_A0A2H4ZIN2, UniRef:UniRef50_A0A2H4ZIN2, UniRef:UniRef90_A0A2H4ZIN2
contig_59	3448	3837	+	LJBCAD_26890	13.8	7.9		RefSeq:WP_002892699.1, SO:0001217, UniParc:UPI0001575E07, UniRef:UniRef100_V0AG62, UniRef:UniRef50_A0A8B4SUB1, UniRef:UniRef90_A0A8B4SUB1
contig_60	3258	3518	-	LJBCAD_26910	10.3	4.4		RefSeq:WP_063617446.1, SO:0001217, UniParc:UPI0005DE8649, UniRef:UniRef100_A0A3R8WD85, UniRef:UniRef50_A0A0F7D0U7, UniRef:UniRef90_A0A3S5G4F9
contig_60	4165	4380	-	LJBCAD_26915	8.0	4.7		RefSeq:WP_001171587.1, SO:0001217, UniParc:UPI000260B184, UniRef:UniRef100_I4S0Z6, UniRef:UniRef50_A0A7I6YEI9, UniRef:UniRef90_A0A5Z8IZ02
contig_62	1793	2908	+	LJBCAD_26970	42.3	6.9	PF13175.9|AAA_15, PF13304.9|AAA_21, PF13476.9|AAA_23	PFAM:PF13175.9, PFAM:PF13304.9, PFAM:PF13476.9, RefSeq:WP_012579087.1, SO:0001217, UniParc:UPI0001881B6F, UniRef:UniRef100_A0A8F6UTI6, UniRef:UniRef50_A0A8H1FZZ3, UniRef:UniRef90_A0A8I0NSZ9
contig_63	157	744	+	LJBCAD_26980	21.5	11.1		
contig_63	3834	4073	-	LJBCAD_27005	9.4	9.8		RefSeq:WP_094317219.1, SO:0001217, UniParc:UPI000B95B351, UniRef:UniRef100_UPI000B95B351, UniRef:UniRef50_A0A377YFH8, UniRef:UniRef90_A0A377YFH8
contig_64	2733	3227	-	LJBCAD_27020	17.2	11.6		SO:0001217, UniRef:UniRef50_A0A7Z7T7N9, UniRef:UniRef90_A0A7Z7T7N9
contig_72	537	803	-	LJBCAD_27100	10.2	6.8		RefSeq:WP_001024536.1, SO:0001217, UniParc:UPI000173F977, UniRef:UniRef100_A0A0J2CN89, UniRef:UniRef50_A0A0J2CN89, UniRef:UniRef90_A0A0J2CN89
contig_75	1407	1631	+	LJBCAD_27125	8.5	4.9		RefSeq:WP_015056389.1, SO:0001217, UniParc:UPI0002296809, UniRef:UniRef100_G2I9K4, UniRef:UniRef50_N9NUN6, UniRef:UniRef90_G2I9K4
contig_86	58	378	-	LJBCAD_27190	11.9	11.0		SO:0001217, UniParc:UPI00032969A5, UniRef:UniRef100_A0A0K2YQR7, UniRef:UniRef50_A0A0K2YQR7, UniRef:UniRef90_A0A0K2YQR7
